,Open,Adj Close,signal,target_pos,capital,NAV,cash,transaction_cost,intraday_PnL
2019-12-16,27.799999,27.700001,0.0,0.0,100000.0,0.0,100000.0,0.0,-0.0
2019-12-17,27.9,28.0,0.0,0.0,100000.0,0.0,100000.0,0.0,0.0
2019-12-18,28.049999,28.049999,0.0,0.0,100000.0,0.0,100000.0,0.0,0.0
2019-12-19,28.15,28.0,0.0,0.0,100000.0,0.0,100000.0,0.0,-0.0
2019-12-20,28.0,28.15,0.0,0.0,100000.0,0.0,100000.0,0.0,0.0
2019-12-23,28.200001,28.1,0.0,0.0,100000.0,0.0,100000.0,0.0,-0.0
2019-12-24,28.1,28.0,0.0,0.0,100000.0,0.0,100000.0,0.0,-0.0
2019-12-27,28.299999,28.4,0.0,0.0,100000.0,0.0,100000.0,0.0,0.0
2019-12-30,28.450001,28.549999,0.0,0.0,100000.0,0.0,100000.0,0.0,0.0
2019-12-31,28.549999,28.549999,0.0,0.0,100000.0,0.0,100000.0,0.0,0.0
2020-01-02,28.5,28.700001,0.0,0.0,100000.0,0.0,100000.0,0.0,0.0
2020-01-03,29.0,28.65,0.0,0.0,100000.0,0.0,100000.0,0.0,-0.0
2020-01-06,28.450001,28.450001,-1.0,-7.0,99999.78175341699,99575.0035,424.7782534169819,0.21824658301369868,-0.0
2020-01-07,28.549999,28.450001,-1.0,-7.0,100349.55650683398,99575.0035,774.5530068339722,0.21824658301369868,349.9929999999978
2020-01-08,28.1,28.25,0.0,-7.0,99824.33979450521,98875.0,949.3397945052129,0.21671232876712332,-524.999999999995
2020-01-09,28.549999,28.799999,0.0,-7.0,98949.11886300604,100799.9965,-1850.8776369939587,0.2209314991780822,-875.0
2020-01-10,28.85,28.799999,1.0,6.0,98798.92649314959,86399.997,12398.929493149582,0.1893698564383562,-150.00300000000522
2020-01-13,28.9,29.15,0.0,6.0,99548.7348219167,87449.99999999999,12098.734821916718,0.1916712328767123,750.0
2020-01-14,29.35,29.049999,0.0,6.0,98648.54080822464,87149.997,11498.54380822464,0.19101369205479451,-900.0030000000052
2020-01-15,29.1,28.950001,0.0,6.0,98198.35345205368,86850.003,11348.35045205368,0.19035617095890411,-449.9970000000033
2020-01-16,29.0,29.0,0.0,6.0,98198.16276712216,87000.0,11198.162767122165,0.19068493150684934,0.0
2020-01-17,29.15,29.200001,0.0,6.0,98347.9737671156,87600.003,10747.970767115607,0.19200000657534247,150.00300000000522
2020-01-20,29.299999,28.950001,1.0,6.0,97297.78941094465,86850.003,10447.786410944653,0.19035617095890411,-1049.993999999998
2020-01-21,28.799999,28.15,-1.0,-6.0,99247.60131505424,84449.99999999999,14797.601315054257,0.18509589041095886,1949.9970000000033
2020-01-22,28.299999,28.549999,-1.0,-6.0,98497.41358903341,85649.997,12847.416589033412,0.18772602082191783,-750.0
2020-01-23,28.25,28.0,0.0,-6.0,99247.22947944437,84000.0,15247.229479444373,0.1841095890410959,750.0
2020-01-24,28.0,28.1,-1.0,-6.0,98947.04471232109,84300.00000000001,14647.044712321076,0.18476712328767125,-300.00000000000426
2020-01-29,27.25,27.299999,0.0,-6.0,98796.86820547834,81899.997,16896.87120547834,0.17950684273972606,-149.99699999999905
2020-01-30,27.200001,26.65,0.0,-6.0,100446.69597260164,79949.99999999999,20496.69597260165,0.17523287671232876,1650.0030000000052
2020-01-31,26.9,26.5,-1.0,-6.0,101646.52172602629,79500.0,22146.521726026287,0.17424657534246576,1199.9999999999957
2020-02-03,26.4,26.5,0.0,-6.0,101346.34747945094,79500.0,21846.34747945094,0.17424657534246576,-300.00000000000426
2020-02-04,26.65,26.85,0.0,-6.0,100746.17093150572,80550.00000000001,20196.17093150571,0.17654794520547948,-600.0000000000085
2020-02-05,27.049999,26.950001,0.0,-6.0,101045.98772601968,80850.003,20195.984726019684,0.17720548602739727,299.9939999999981
2020-02-06,27.1,27.700001,0.0,-6.0,99245.8025890268,83100.003,16145.799589026807,0.18213699287671234,-1800.0029999999967
2020-02-07,27.5,27.549999,1.0,7.0,99420.58774656871,96424.9965,2995.5912465687143,0.21134245808219176,174.9964999999989
2020-02-10,27.25,27.4,0.0,7.0,99945.37755478789,95899.99999999999,4045.377554787905,0.2101917808219178,524.999999999995
2020-02-11,27.65,27.75,0.0,7.0,100295.16467807555,97125.0,3170.1646780755545,0.21287671232876712,350.000000000005
2020-02-12,27.9,28.049999,0.0,7.0,100819.94600000104,98174.9965,2644.94950000105,0.21517807452054796,524.9965000000038
2020-02-13,28.049999,27.950001,0.0,7.0,100469.73858903446,97825.0035,2644.7350890344533,0.2144109665753425,-349.9929999999978
2020-02-14,27.9,28.0,0.0,7.0,100819.52379451391,98000.0,2819.523794513909,0.21479452054794523,350.000000000005
2020-02-17,28.0,28.15,0.0,7.0,101344.30784930843,98524.99999999999,2819.3078493084467,0.21594520547945203,524.999999999995
2020-02-18,27.950001,27.700001,0.0,7.0,100469.09535615008,96950.0035,3519.091856150073,0.2124931583561644,-875.0
2020-02-19,27.75,27.85,-1.0,-7.0,100118.88171231447,97475.00000000001,2643.8817123144545,0.2136438356164384,-350.000000000005
2020-02-20,27.950001,27.75,1.0,7.0,99418.66533560213,97125.0,2293.665335602127,0.21287671232876712,-700.0035000000012
2020-02-21,27.6,27.5,0.0,7.0,99068.45437669802,96250.0,2818.4543766980205,0.21095890410958903,-350.000000000005
2020-02-24,27.35,27.049999,-1.0,-7.0,100118.25036985638,94674.9965,5443.253869856388,0.20750684164383562,1050.0035000000062
2020-02-25,26.9,27.1,-1.0,-7.0,99418.0424794454,94850.00000000001,4568.042479445387,0.20789041095890415,-700.00000000001
2020-02-26,26.700001,26.950001,0.0,-7.0,98542.8357397117,94325.0035,4217.832239711701,0.20673973369863016,-875.0
2020-02-27,26.75,27.15,0.0,-7.0,97142.6274657391,95024.99999999999,2117.6274657391186,0.20827397260273972,-1399.999999999995
2020-02-28,26.5,26.450001,0.0,-7.0,97317.42106162183,92575.0035,4742.417561621827,0.202904117260274,174.9964999999989
2020-03-02,26.35,26.65,0.0,-7.0,96267.21662326569,93274.99999999999,2992.2166232657037,0.20443835616438352,-1049.99999999999
2020-03-03,27.0,26.6,0.0,-7.0,97667.01256847117,93100.00000000001,4567.012568471153,0.204054794520548,1399.999999999995
2020-03-04,26.6,26.549999,0.0,-7.0,97841.81239724597,92924.9965,4916.815897245979,0.20367122520547945,175.00350000000608
2020-03-05,26.6,27.049999,0.0,-7.0,96266.60839040433,94674.9965,1591.6118904043396,0.20750684164383562,-1574.9964999999938
2020-03-06,26.75,26.5,1.0,7.0,95391.4051027331,92750.0,2641.4051027331006,0.20328767123287672,-875.0
2020-03-09,26.450001,26.450001,-1.0,-7.0,95391.20219861584,92575.0035,2816.19869861583,0.202904117260274,-0.0
2020-03-10,25.450001,25.450001,0.0,-7.0,95391.00696573146,89075.0035,6316.003465731454,0.19523288438356168,-0.0
2020-03-11,25.75,25.75,0.0,-7.0,95390.80943148489,90125.0,5265.809431484886,0.1975342465753425,-0.0
2020-03-12,25.549999,25.549999,0.0,-7.0,95390.61343149256,89424.9965,5965.616931492565,0.19599999232876714,-0.0
2020-03-13,24.6,24.6,0.0,-7.0,95390.42471916378,86100.00000000001,9290.42471916377,0.18871232876712332,-0.0
2020-03-16,24.4,24.4,1.0,7.0,95390.23754108159,85399.99999999999,9990.237541081602,0.1871780821917808,0.0
2020-03-17,23.35,23.35,-1.0,-8.0,95390.03282875282,93400.0,1990.0328287528246,0.20471232876712328,-0.0
2020-03-18,23.6,23.6,0.0,-8.0,95389.82592464324,94400.0,989.8259246432426,0.20690410958904112,-0.0
2020-03-19,22.6,22.0,-1.0,-8.0,97789.63304793091,88000.0,9789.63304793091,0.19287671232876713,2400.0000000000055
2020-03-20,22.450001,23.1,0.0,-8.0,95189.43452738297,92400.0,2789.4345273829676,0.2025205479452055,-2599.9960000000046
2020-03-23,21.950001,22.0,1.0,8.0,95389.23765067064,88000.0,7389.237650670635,0.19287671232876713,199.99599999999873
2020-03-24,22.75,23.049999,0.0,8.0,96589.03156848763,92199.996,4389.035568487627,0.20208218301369862,1199.9959999999987
2020-03-25,23.5,23.799999,0.0,8.0,97788.81891096215,95199.996,2588.822910962146,0.20865752547945207,1199.9959999999987
2020-03-26,23.549999,23.6,0.0,8.0,97988.61600685256,94400.0,3588.616006852564,0.20690410958904112,200.00400000000695
2020-03-27,24.1,23.75,0.0,8.0,96588.40778767449,95000.0,1588.407787674485,0.20821917808219179,-1400.0000000000057
2020-03-30,23.25,23.4,0.0,8.0,97188.20263698955,93600.0,3588.2026369895466,0.20515068493150687,599.9999999999943
2020-03-31,23.799999,23.85,0.0,8.0,97387.99754109913,95400.0,1987.997541099132,0.2090958904109589,200.00400000000695
2020-04-01,23.549999,23.299999,0.0,8.0,96387.79326713529,93199.996,3187.797267135291,0.20427396383561647,-1000.0
2020-04-02,23.0,23.5,0.0,8.0,98387.58723973803,94000.0,4387.58723973803,0.20602739726027397,2000.0
2020-04-03,23.4,23.450001,1.0,8.0,98587.38565068817,93800.004,4787.38165068817,0.2055890498630137,200.00400000000695
2020-04-06,23.799999,23.950001,0.0,8.0,99187.18367807666,95800.004,3387.17967807666,0.20997261150684934,600.0080000000025
2020-04-07,24.299999,24.5,0.0,8.0,99986.97288355611,98000.0,1986.972883556111,0.21479452054794523,800.0040000000013
2020-04-08,24.35,24.200001,0.0,8.0,99386.76471916378,96800.004,2586.76071916378,0.21216439232876713,-599.9960000000044
2020-04-09,24.4,24.5,0.0,8.0,99786.54992464323,98000.0,1786.54992464323,0.21479452054794523,400.0000000000057
2020-04-14,24.5,24.700001,0.0,8.0,100586.33737668926,98800.004,1786.333376689261,0.21654795397260274,800.0040000000013
2020-04-15,24.75,24.299999,0.0,8.0,98786.12033560214,97199.996,1586.1243356021441,0.21304108712328765,-1800.0040000000013
2020-04-16,24.200001,24.25,0.0,8.0,98985.90373286241,97000.0,1985.9037328624108,0.21260273972602742,199.99599999999873
2020-04-17,24.700001,24.549999,0.0,8.0,98385.68049999446,98199.996,185.68449999445875,0.2152328679452055,-600.0080000000025
2020-04-20,24.6,24.6,0.0,8.0,98385.46482876159,98400.0,-14.535171238414478,0.21567123287671233,0.0
2020-04-21,24.450001,24.0,0.0,8.0,96585.25041780269,96000.0,585.2504178026866,0.21041095890410957,-1800.0040000000013
2020-04-22,23.75,24.1,-1.0,-8.0,95185.03913013145,96400.0,-1214.960869868548,0.21128767123287673,-1400.0000000000057
2020-04-23,24.200001,24.15,1.0,7.0,95009.85036985748,84524.99999999999,10484.850369857493,0.18526027397260272,-175.00350000000608
2020-04-24,24.1,24.049999,0.0,7.0,94834.66237671446,84174.9965,10659.665876714469,0.18449314301369862,-175.00350000000608
2020-04-27,24.299999,24.5,0.0,7.0,95534.47793150898,85750.0,9784.477931508984,0.18794520547945207,700.0035000000012
2020-04-28,24.549999,24.75,1.0,7.0,96234.29156849529,86625.0,9609.29156849529,0.18986301369863012,700.0035000000012
2020-04-29,24.85,24.75,0.0,7.0,95884.10170548159,86625.0,9259.10170548159,0.18986301369863012,-350.000000000005
2020-05-04,24.0,23.75,0.0,7.0,95008.91951370076,83125.0,11883.919513700763,0.1821917808219178,-875.0
2020-05-05,23.85,24.0,-1.0,-7.0,94483.73540411172,84000.0,10483.735404111721,0.1841095890410959,-524.999999999995
2020-05-06,23.950001,24.35,0.0,-7.0,93083.55210959117,85225.00000000001,7858.552109591154,0.18679452054794526,-1399.9965000000038
2020-05-07,24.200001,24.15,1.0,7.0,92908.3633493172,84524.99999999999,8383.36334931721,0.18526027397260272,-175.00350000000608
2020-05-08,24.35,24.4,-1.0,-7.0,92733.17617123501,85399.99999999999,7333.176171235027,0.1871780821917808,-174.99999999999005
2020-05-11,24.6,24.799999,1.0,7.0,93432.98242466734,86799.9965,6632.985924667344,0.19024656767123285,699.996499999994
2020-05-12,24.549999,24.450001,0.0,7.0,93082.80186301583,85575.0035,7507.798363015827,0.18756165150684934,-349.9929999999978
2020-05-13,24.25,24.35,0.0,7.0,93432.61506849529,85225.00000000001,8207.615068495274,0.18679452054794526,350.000000000005
2020-05-14,24.25,24.0,0.0,7.0,92557.43095890625,84000.0,8557.430958906247,0.1841095890410959,-875.0
2020-05-15,24.0,24.0,0.0,7.0,92557.2468493172,84000.0,8557.246849317205,0.1841095890410959,0.0
2020-05-18,23.950001,24.200001,0.0,7.0,93432.06120547392,84700.0035,8732.057705473911,0.18564384328767125,875.0
2020-05-19,24.6,24.6,0.0,7.0,93431.87249314514,86100.00000000001,7331.872493145129,0.18871232876712332,0.0
2020-05-20,24.6,24.65,0.0,7.0,93606.68339725472,86274.99999999999,7331.683397254732,0.1890958904109589,174.99999999999005
2020-05-21,24.700001,24.450001,0.0,7.0,92731.49583560321,85575.0035,7156.492335603209,0.18756165150684934,-875.0
2020-05-22,24.049999,23.15,0.0,7.0,89581.32174656211,81024.99999999999,8556.321746562127,0.17758904109589038,-3149.996500000004
2020-05-25,23.0,23.15,-1.0,-7.0,89056.14415752102,81024.99999999999,8031.144157521034,0.17758904109589038,-524.999999999995
2020-05-26,23.4,23.65,0.0,-7.0,88180.96273286348,82774.99999999999,5405.962732863496,0.18142465753424653,-875.0
2020-05-27,23.75,23.5,0.0,-7.0,89055.78245889088,82250.0,6805.782458890884,0.18027397260273972,875.0
2020-05-28,23.35,23.35,0.0,-7.0,89055.60333560321,81725.00000000001,7330.6033356031985,0.1791232876712329,-0.0
2020-05-29,23.0,23.200001,0.0,-7.0,88355.4218629928,81200.0035,7155.418362992787,0.17797261041095894,-700.0035000000012
2020-06-01,23.799999,23.98,0.0,-7.0,87725.2344068284,83930.0,3795.2344068284,0.18395616438356166,-630.0035000000026
2020-06-02,24.02,24.26,1.0,7.0,88565.04830271882,84910.00000000001,3655.048302718802,0.18610410958904114,840.0000000000069
2020-06-03,24.68,24.68,0.0,7.0,88564.85897669142,86380.0,2184.858976691423,0.18932602739726026,0.0
2020-06-04,24.940001,24.719999,0.0,7.0,87794.66234382239,86519.99650000001,1274.6658438223822,0.18963286904109591,-770.0069999999907
2020-06-05,24.719999,25.139999,0.0,7.0,89264.46948903555,87989.99650000001,1274.4729890355375,0.1928547868493151,1469.9999999999936
2020-06-08,25.34,25.139999,1.0,7.0,88564.2731342487,87989.99650000001,574.2766342486866,0.1928547868493151,-700.0035000000012
2020-06-09,25.26,25.440001,0.0,7.0,89194.08147807664,89040.00349999999,154.0779780766461,0.19515617205479452,630.0034999999901
2020-06-10,25.48,25.459999,0.0,7.0,89123.88266849527,89109.9965,13.886168495271704,0.19530958136986298,-70.0035000000021
2020-06-11,25.459999,24.860001,0.0,7.0,87023.69896163828,87010.00349999999,13.69546163828636,0.19070685698630135,-2099.9929999999977
2020-06-12,24.379999,24.700001,-1.0,-7.0,85903.50248217855,86450.0035,-546.5010178214579,0.18947945972602745,-1120.0069999999957
2020-06-15,24.42,24.200001,0.0,-7.0,86673.31333833527,84700.0035,1973.3098383352626,0.18564384328767125,769.9965000000049
2020-06-16,24.74,24.799999,-1.0,-7.0,86463.12659176759,86799.9965,-336.86990823240194,0.19024656767123285,-209.99650000000435
2020-06-17,24.780001,24.9,0.0,-7.0,86042.93907806897,87149.99999999999,-1107.0609219310136,0.19101369863013695,-419.99649999999986
2020-06-18,24.799999,24.879999,1.0,6.0,86282.775483555,74639.997,11642.778483554997,0.16359451397260275,240.00000000000554
2020-06-19,24.860001,25.059999,0.0,6.0,86882.60470547939,75179.997,11702.607705479386,0.16477807561643837,599.9940000000024
2020-06-22,24.98,25.0,0.0,6.0,86942.44032191775,75000.0,11942.440321917747,0.1643835616438356,59.99999999999872
2020-06-23,24.98,25.360001,-1.0,-6.0,85802.27057122624,76080.00300000001,9722.267571226228,0.16675069150684935,-1140.0030000000002
2020-06-24,25.52,25.24,1.0,6.0,84962.1046095824,75720.0,9242.104609582399,0.16596164383561643,-840.0000000000034
2020-06-26,25.1,25.0,0.0,6.0,84661.94022602076,75000.0,9661.940226020757,0.1643835616438356,-300.00000000000426
2020-06-29,25.0,24.76,-1.0,-6.0,85381.7774205413,74280.0,11101.7774205413,0.16280547945205479,719.9999999999953
2020-06-30,25.0,24.9,0.0,-6.0,85681.6136945139,74699.99999999999,10981.613694513915,0.16372602739726025,300.00000000000426
2020-07-02,25.24,25.700001,0.0,-6.0,84301.44170820594,77100.003,7201.43870820594,0.16898630794520547,-1380.0030000000056
2020-07-03,25.799999,25.92,1.0,6.0,84661.27427532924,77760.0,6901.2742753292405,0.1704328767123288,360.00300000000607
2020-07-06,26.139999,26.940001,0.0,6.0,87061.10313559663,80820.003,6241.100135596629,0.17713973260273974,2400.0059999999976
2020-07-07,27.18,26.639999,1.0,6.0,85440.92496847991,79919.99699999999,5520.927968479926,0.17516711671232874,-1620.0030000000006
2020-07-08,26.76,26.74,-1.0,-6.0,85500.7491438224,80220.0,5280.749143822395,0.1758246575342466,60.00000000000938
2020-07-09,26.98,26.879999,1.0,6.0,85200.5693986235,80639.997,4560.572398623495,0.17674519890410959,-300.0029999999967
2020-07-10,26.6,26.34,0.0,6.0,84420.39620410294,79020.0,5400.3962041029445,0.1731945205479452,-780.0000000000047
2020-07-13,26.5,26.48,0.0,6.0,84360.22208903445,79440.0,4920.222089034447,0.17411506849315067,-59.99999999999872
2020-07-14,26.360001,26.16,0.0,6.0,83760.04707807554,78480.0,5280.047078075542,0.1720109589041096,-600.003000000001
2020-07-15,26.48,26.18,0.0,6.0,82859.87493560978,78539.99999999999,4319.874935609798,0.17214246575342465,-900.0000000000022
2020-07-16,26.18,25.66,0.0,6.0,81299.70621232211,76980.0,4319.706212322111,0.16872328767123287,-1559.9999999999986
2020-07-17,25.82,25.799999,0.0,6.0,81239.53356849308,77399.997,3839.536568493073,0.1696438290410959,-60.003000000001805
2020-07-20,25.780001,25.719999,0.0,6.0,81059.35845069143,77159.997,3899.361450691431,0.1691178016438356,-180.00599999999167
2020-07-21,26.08,26.280001,0.0,6.0,81659.18865068485,78840.003,2819.1856506848562,0.17280000657534247,600.003000000001
2020-07-22,26.24,25.68,1.0,6.0,79979.01979589033,77039.99999999999,2939.0197958903445,0.1688547945205479,-1679.9999999999961
2020-07-23,25.82,25.9,-1.0,-6.0,79738.84949452047,77699.99999999999,2038.8494945204875,0.17030136986301367,-239.99999999999488
2020-07-24,25.74,25.360001,0.0,-6.0,80878.67974382895,76080.00300000001,4798.676743828939,0.16675069150684935,1139.996999999994
2020-07-27,25.559999,25.360001,-1.0,-6.0,81478.50699313745,76080.00300000001,5398.503993137434,0.16675069150684935,599.9940000000024
2020-07-28,25.6,25.459999,0.0,-6.0,81898.34258492486,76379.997,5518.345584924857,0.16740821260273975,420.0030000000048
2020-07-29,25.459999,25.52,0.0,-6.0,81718.17178218513,76560.0,5158.171782185134,0.1678027397260274,-180.00299999999925
2020-07-30,25.6,25.34,0.0,-6.0,82498.00516300705,76020.0,6478.005163007052,0.1666191780821918,780.0000000000047
2020-07-31,25.379999,25.26,-1.0,-6.0,82857.83606985636,75780.0,7077.836069856363,0.16609315068493152,359.9969999999999
2020-08-03,25.26,25.120001,0.0,-6.0,83277.66789724705,75360.003,7917.6648972470575,0.1651726093150685,419.9970000000093
2020-08-04,25.299999,25.620001,0.0,-6.0,82317.49343696651,76860.003,5457.490436966516,0.1684602805479452,-960.0059999999963
2020-08-05,25.700001,25.799999,1.0,6.0,82617.31779313747,77399.997,5217.320793137464,0.1696438290410959,299.9939999999981
2020-08-06,25.84,25.6,0.0,6.0,81897.14946437035,76800.00000000001,5097.149464370334,0.1683287671232877,-719.9999999999953
2020-08-07,25.559999,25.18,0.0,6.0,80756.98689724706,75539.99999999999,5216.986897247072,0.1655671232876712,-1139.9970000000046
2020-08-10,25.0,25.1,-1.0,-6.0,80456.82185615116,75300.00000000001,5156.821856151146,0.165041095890411,-300.00000000000426
2020-08-11,25.24,25.559999,0.0,-6.0,79496.6567904043,76679.997,2816.659790404301,0.16806574684931508,-959.9970000000085
2020-08-12,25.5,25.879999,1.0,6.0,80636.48362054786,77639.997,2996.486620547861,0.17016985643835617,1139.9970000000046
2020-08-13,26.040001,25.9,0.0,6.0,80216.310319178,77699.99999999999,2516.31031917801,0.17030136986301367,-420.0030000000048
2020-08-14,25.879999,25.82,0.0,6.0,80036.14354383553,77460.00000000001,2576.143543835511,0.1697753424657535,-179.99700000000374
2020-08-17,25.860001,26.0,0.0,6.0,80455.96958493142,78000.0,2455.9695849314157,0.17095890410958905,419.9969999999986
2020-08-18,26.059999,26.02,0.0,6.0,80335.80149452045,78060.0,2275.8014945204486,0.17109041095890412,-119.99700000000502
2020-08-19,26.0,25.879999,0.0,6.0,79975.62832466401,77639.997,2335.6313246640057,0.17016985643835617,-360.0029999999954
2020-08-20,25.700001,25.440001,0.0,6.0,79195.46104794511,76320.003,2875.4580479451106,0.16727671890410958,-780.0000000000047
2020-08-21,25.6,25.780001,-1.0,-6.0,78655.28853560977,77340.003,1315.2855356097716,0.16951233534246576,-540.0029999999915
2020-08-24,25.98,26.18,1.0,6.0,79255.11639314401,78539.99999999999,715.1163931440242,0.17214246575342465,599.9999999999978
2020-08-25,26.280001,26.16,0.0,6.0,78894.9413821851,78480.0,414.9413821851049,0.1720109589041096,-360.0029999999954
2020-08-26,26.18,26.120001,0.0,6.0,78714.77263423332,78360.003,354.769634233322,0.17174795178082192,-179.99700000000374
2020-08-27,26.16,25.959999,0.0,6.0,78114.59893834949,77879.997,234.60193834948586,0.17069588383561646,-600.003000000001
2020-08-28,25.940001,26.120001,-1.0,-6.0,77574.4271903977,78360.003,-785.575809602291,0.17174795178082192,-539.9999999999991
2020-08-31,26.299999,25.84,1.0,5.0,76424.28810135661,64599.99999999999,11824.288101356615,0.1415890410958904,-1149.9974999999995
2020-09-01,25.9,25.879999,-1.0,-5.0,76474.1487931429,64699.99750000001,11774.151293142888,0.14180821369863017,50.00249999999262
2020-09-02,25.9,25.82,0.0,-5.0,76674.00731369085,64550.0,12124.007313690847,0.14147945205479454,199.99999999999574
2020-09-03,25.780001,25.719999,0.0,-5.0,76823.87138218946,64299.997500000005,12523.873882189459,0.14093150136986304,150.00499999999306
2020-09-04,25.48,25.52,0.0,-5.0,76723.73154657302,63800.0,12923.73154657302,0.13983561643835615,-99.99999999999787
2020-09-07,25.379999,25.440001,0.0,-5.0,76573.58714930728,63600.002499999995,12973.584649307282,0.13939726575342465,-150.00499999999306
2020-09-08,25.52,25.379999,0.0,-5.0,76923.45058081961,63449.997500000005,13473.453080819607,0.1390684876712329,350.0024999999951
2020-09-09,25.1,25.24,0.0,-5.0,76573.31227944976,63099.99999999999,13473.312279449769,0.1383013698630137,-349.99999999999255
2020-09-10,25.4,25.139999,0.0,-5.0,77223.17702603058,62849.9975,14373.17952603058,0.13775341917808218,650.0024999999976
2020-09-11,25.139999,25.26,-1.0,-5.0,76923.03611507168,63150.00000000001,13773.03611507167,0.13841095890410962,-300.00250000000506
2020-09-14,25.34,25.4,0.0,-5.0,76772.89693698949,63500.0,13272.896936989491,0.13917808219178082,-149.99999999999682
2020-09-15,25.379999,25.52,0.0,-5.0,76422.75460137305,63800.0,12622.754601373046,0.13983561643835615,-350.0024999999951
2020-09-16,25.540001,25.48,0.0,-5.0,76572.61748493469,63700.0,12872.617484934686,0.13961643835616439,150.00249999999937
2020-09-17,25.4,25.120001,0.0,-5.0,77272.47734109359,62800.002499999995,14472.474841093594,0.1376438410958904,699.9975000000003
2020-09-18,25.24,25.24,-1.0,-5.0,77272.33903972372,63099.99999999999,14172.33903972373,0.1383013698630137,-0.0
2020-09-21,25.24,24.719999,0.0,-5.0,78572.20608767439,61799.997500000005,16772.208587674388,0.1354520493150685,1300.0024999999926
2020-09-22,24.620001,24.5,-1.0,-5.0,78872.07434109905,61250.0,17622.074341099054,0.13424657534246576,300.0024999999962
2020-09-23,24.48,24.52,0.0,-5.0,78771.93998493467,61300.0,17471.939984934666,0.13435616438356165,-99.99999999999787
2020-09-24,24.34,24.120001,0.0,-5.0,79321.80532054562,60300.002499999995,19021.80282054563,0.13216438904109587,549.9975000000035
2020-09-25,24.219999,24.059999,0.0,-5.0,79721.67348493467,60149.997500000005,19571.675984934664,0.13183561095890414,400.00000000000034
2020-09-28,24.24,24.280001,0.0,-5.0,79621.53794383329,60700.002499999995,18921.535443833294,0.133041101369863,-100.00250000000044
2020-09-29,24.34,24.08,0.0,-5.0,80271.40599862782,60199.99999999999,20071.405998627823,0.13194520547945204,650.0000000000039
2020-09-30,24.200001,24.280001,-1.0,-5.0,80071.27295752644,60700.002499999995,19371.270457526443,0.133041101369863,-199.99999999999574
2020-10-05,24.719999,24.52,0.0,-5.0,80571.13610136205,61300.0,19271.136101362048,0.13435616438356165,499.99750000000455
2020-10-06,24.620001,24.780001,0.0,-5.0,80171.00032053464,61950.002499999995,18220.99782053465,0.13578082739726027,-400.00000000000034
2020-10-07,24.780001,25.059999,0.0,-5.0,79470.86800547162,62649.997500000005,16820.87050547162,0.13731506301369867,-699.9950000000066
2020-10-08,25.040001,24.940001,0.0,-5.0,79720.7313479319,62350.002499999995,17370.728847931903,0.1366575397260274,250.00000000000355
2020-10-09,25.1,24.98,0.0,-5.0,80020.59447121956,62450.0,17570.594471219563,0.13687671232876714,300.0000000000025
2020-10-12,25.02,25.48,0.0,-5.0,78870.4548547812,63700.0,15170.454854781201,0.13961643835616439,-1150.000000000002
2020-10-14,25.559999,25.42,1.0,6.0,78450.29070957573,76260.0,2190.2907095757255,0.16714520547945205,-419.9969999999986
2020-10-15,25.379999,24.9,0.0,6.0,77010.12998354832,74699.99999999999,2310.129983548337,0.16372602739726025,-1439.997000000009
2020-10-16,25.040001,25.200001,0.0,6.0,77489.9642849116,75600.003,1889.9612849116093,0.1656986367123288,480.00000000000045
2020-10-19,25.299999,25.32,0.0,6.0,77549.80079724037,75960.00000000001,1589.8007972403575,0.16648767123287675,60.003000000001805
2020-10-20,25.32,25.34,0.0,6.0,77609.63417806229,76020.0,1589.6341780622897,0.1666191780821918,59.99999999999872
2020-10-21,25.559999,25.540001,0.0,6.0,77549.47224380913,76620.003,929.4692438091297,0.16793425315068494,-59.99400000000321
2020-10-22,25.459999,25.559999,0.0,6.0,77849.30417806227,76679.997,1169.3071780622704,0.16806574684931508,300.00000000000426
2020-10-23,25.540001,25.700001,0.0,6.0,78329.13519175432,77100.003,1229.1321917543246,0.16898630794520547,480.00000000000045
2020-10-27,25.559999,25.52,0.0,6.0,78208.97038901459,76560.0,1648.9703890145902,0.1678027397260274,-119.99700000000502
2020-10-28,25.52,25.459999,0.0,6.0,78028.799980802,76379.997,1648.8029808019928,0.16740821260273975,-180.00299999999925
2020-10-29,25.18,25.379999,0.0,6.0,78628.63009861679,76139.997,2488.6330986167886,0.16688218520547948,599.9970000000054
2020-10-30,24.6,24.24,0.0,6.0,77548.47071231541,72720.0,4828.470712315408,0.159386301369863,-1080.0000000000089
2020-11-02,24.360001,24.6,-1.0,-6.0,76828.31195889074,73800.00000000001,3028.3119588907284,0.16175342465753428,-719.9970000000029
2020-11-03,24.799999,25.120001,0.0,-6.0,75868.14078628144,75360.003,508.13778628144064,0.1651726093150685,-960.0059999999963
2020-11-04,25.0,25.0,1.0,6.0,75867.9764027198,75000.0,867.9764027197962,0.1643835616438356,0.0
2020-11-05,25.66,25.700001,0.0,6.0,75987.81041641184,77100.003,-1112.1925835881557,0.16898630794520547,120.00300000000053
2020-11-06,25.879999,25.879999,0.0,6.0,75987.6402465554,77639.997,-1652.3567534446047,0.17016985643835617,0.0
2020-11-09,26.299999,26.16,0.0,6.0,75567.47123559649,78480.0,-2912.5287644035125,0.1720109589041096,-419.9969999999986
2020-11-10,26.5,26.4,0.0,6.0,75267.2976465554,79199.99999999999,-3932.7023534445907,0.17358904109589038,-300.00000000000426
2020-11-11,26.32,26.4,0.0,6.0,75507.1240575143,79199.99999999999,-3692.8759424856835,0.17358904109589038,239.99999999999488
2020-11-12,26.52,26.34,0.0,6.0,74966.95086299375,79020.0,-4053.049137006252,0.1731945205479452,-539.9999999999991
2020-11-13,26.24,26.299999,0.0,6.0,75146.77493149348,78899.997,-3753.222068506526,0.1729315002739726,179.99700000000374
2020-11-16,26.58,26.540001,0.0,6.0,75026.60342189787,79620.003,-4593.399578102122,0.17450959561643836,-119.99699999999436
2020-11-17,26.620001,26.58,0.0,6.0,74906.42564929514,79740.0,-4833.574350704861,0.17477260273972603,-120.00300000000053
2020-11-18,26.58,26.68,0.0,6.0,75206.25021915816,80039.99999999999,-4833.749780841827,0.17543013698630136,300.00000000000426
2020-11-19,26.620001,26.52,0.0,6.0,74906.07284107598,79560.0,-4653.927158924023,0.17437808219178083,-300.0029999999967
2020-11-20,26.58,26.58,0.0,6.0,74905.89806847324,79740.0,-4834.101931526762,0.17477260273972603,0.0
2020-11-23,26.780001,26.639999,0.0,6.0,74485.71690135653,79919.99699999999,-5434.2800986434595,0.17516711671232874,-420.00599999999724
2020-11-24,26.66,26.74,0.0,6.0,74725.541076699,80220.0,-5494.458923301005,0.1758246575342466,239.99999999999488
2020-11-25,26.940001,26.780001,0.0,6.0,74245.36498902118,80340.003,-6094.638010978815,0.17608767780821918,-480.00000000000045
2020-11-26,26.799999,26.940001,0.0,6.0,74665.19384928857,80820.003,-6154.8091507114295,0.17713973260273974,420.00599999999724
2020-11-27,26.959999,27.08,1.0,6.0,75025.01878901459,81240.0,-6214.98121098541,0.17806027397260274,360.0029999999954
2020-11-30,27.040001,26.559999,0.0,6.0,73584.83814792529,79679.997,-6095.158852074717,0.17464108931506853,-1440.0059999999967
2020-12-01,26.6,26.719999,-1.0,-5.0,73284.69423697186,66799.9975,6484.696736971862,0.14641095342465754,-299.99749999999995
2020-12-02,26.719999,26.68,1.0,5.0,73184.55054519104,66700.0,6484.550545191043,0.1461917808219178,-99.99750000000418
2020-12-03,26.719999,26.9,0.0,5.0,73634.40564793076,67250.0,6384.405647930762,0.14739726027397262,450.002499999993
2020-12-04,26.92,26.98,0.0,5.0,73784.25781231432,67450.0,6334.257812314318,0.14783561643835616,149.99999999999682
2020-12-07,26.959999,26.620001,0.0,5.0,72934.11694929513,66550.00249999999,6384.114449295143,0.14586301917808217,-849.9950000000034
2020-12-08,26.620001,26.459999,0.0,5.0,72533.96696299926,66149.9975,6383.969462999259,0.14498629589041095,-400.0049999999966
2020-12-09,26.58,26.68,0.0,5.0,72783.82077121844,66700.0,6083.820771218438,0.1461917808219178,250.00000000000355
2020-12-10,26.58,26.6,0.0,5.0,72833.6750177938,66500.0,6333.675017793794,0.14575342465753424,50.000000000007816
2020-12-11,26.700001,26.700001,0.0,5.0,72833.52871641846,66750.00249999999,6083.526216418468,0.14630137534246573,0.0
2020-12-14,26.700001,26.58,0.0,5.0,72533.38057258284,66449.99999999999,6083.380572582857,0.14564383561643832,-300.00250000000506
2020-12-15,26.559999,26.4,0.0,5.0,72133.23841504859,66000.0,6133.238415048589,0.14465753424657535,-399.99750000000665
2020-12-16,26.5,26.68,0.0,5.0,72583.09222326777,66700.0,5883.092223267769,0.1461917808219178,449.9999999999993
2020-12-17,26.68,26.860001,0.0,5.0,73032.9475451801,67150.0025,5882.945045180095,0.1471780876712329,450.0025000000019
2020-12-18,26.799999,26.6,1.0,5.0,72532.80429175544,66500.0,6032.804291755441,0.14575342465753424,-499.9974999999956
2020-12-21,26.6,26.459999,-1.0,-5.0,72882.66180545956,66149.9975,6732.6643054595625,0.14498629589041095,350.002500000004
2020-12-22,26.42,26.299999,0.0,-5.0,73182.520195876,65749.99750000001,7432.522695875989,0.14410958356164388,300.00250000000506
2020-12-23,26.26,26.52,0.0,-5.0,72532.3748808075,66300.0,6232.374880807503,0.14531506849315068,-649.999999999995
2020-12-24,26.6,26.6,0.0,-5.0,72532.22912738285,66500.0,6032.229127382845,0.14575342465753424,-0.0
2020-12-28,26.58,26.48,0.0,-5.0,72782.08403149243,66200.0,6582.084031492428,0.1450958904109589,249.99999999999466
2020-12-29,26.620001,26.74,0.0,-5.0,72481.94001094448,66850.0,5631.940010944483,0.1465205479452055,-299.99749999999995
2020-12-30,26.799999,27.34,1.0,5.0,73831.7927027253,68350.0,5481.792702725303,0.14980821917808218,1350.0025000000005
2020-12-31,27.440001,27.440001,1.0,5.0,73831.64234655544,68600.0025,5231.6398465554375,0.1503561698630137,0.0
2021-01-04,27.360001,27.639999,0.0,5.0,74531.48589450611,69099.9975,5431.488394506116,0.1514520493150685,699.9949999999977
2021-01-05,27.48,27.74,1.0,5.0,75181.33389450611,69350.0,5831.333894506111,0.15200000000000002,649.999999999995
2021-01-06,27.799999,27.84,0.0,5.0,75281.1838465609,69600.0,5681.1838465609035,0.15254794520547946,100.00250000000044
2021-01-07,27.84,27.700001,0.0,5.0,74931.03456573351,69250.00249999999,5681.032065733525,0.15178082739726026,-349.99749999999887
2021-01-08,27.719999,28.02,0.0,5.0,75680.88353148694,70050.0,5630.883531486936,0.15353424657534245,750.0024999999955
2021-01-11,28.120001,28.120001,0.0,5.0,75680.72944928968,70300.00249999999,5380.7269492896885,0.15408219726027395,0.0
2021-01-12,28.0,28.4,0.0,5.0,76680.57383285133,71000.0,5680.573832851325,0.1556164383561644,999.9999999999965
2021-01-13,28.4,28.4,1.0,5.0,76680.41821641297,71000.0,5680.418216412974,0.1556164383561644,0.0
2021-01-14,28.52,28.639999,0.0,5.0,76980.2587849116,71599.9975,5380.261284911598,0.156931501369863,299.99749999999995
2021-01-15,28.6,28.780001,0.0,5.0,77430.10358627596,71950.0025,5480.101086275958,0.15769863561643838,450.002499999993
2021-01-18,28.58,29.0,0.0,5.0,78479.94468216637,72500.0,5979.944682166373,0.1589041095890411,1050.0000000000043
2021-01-19,29.219999,29.799999,1.0,5.0,79929.78139450062,74499.99750000001,5429.783894500608,0.16328766575342468,1449.9999999999957
2021-01-20,29.799999,30.08,0.0,5.0,80629.61907258282,75199.99999999999,5429.619072582835,0.16482191780821914,700.0024999999965
2021-01-21,30.120001,30.059999,0.0,5.0,80479.44936025955,75149.9975,5329.451860259549,0.16471232328767124,-150.00499999999306
2021-01-22,30.0,29.620001,0.0,5.0,79529.28955888421,74050.00249999999,5479.28705888422,0.16230137534246572,-949.9975000000038
2021-01-25,29.82,30.280001,-1.0,-5.0,78379.1211410705,75700.0025,2679.1186410704977,0.16591781369863015,-1150.0024999999957
2021-01-26,30.1,29.559999,1.0,5.0,77028.95666847324,73899.9975,3128.959168473244,0.161972597260274,-1350.0025000000005
2021-01-27,29.620001,29.459999,-1.0,-5.0,77428.80024382118,73649.9975,3778.8027438211866,0.16142465205479453,400.0049999999966
2021-01-28,29.120001,28.700001,0.0,-5.0,78478.64298354174,71750.00249999999,6728.640483541749,0.15726027945205479,1049.9999999999955
2021-01-29,28.9,28.459999,0.0,-5.0,79578.48953834175,71149.9975,8428.492038341748,0.1559452,1100.0024999999969
2021-02-01,28.540001,29.059999,-1.0,-5.0,78278.33530547051,72649.9975,5628.33780547051,0.15923287123287672,-1299.9950000000026
2021-02-02,29.26,29.42,0.0,-5.0,77878.17409999105,73550.00000000001,4328.17409999104,0.16120547945205485,-400.00000000000034
2021-02-03,29.48,29.459999,0.0,-5.0,77928.01517533901,73649.9975,4278.0176753390115,0.16142465205479453,50.002500000001504
2021-02-04,29.32,29.24,0.0,-5.0,78127.85495616093,73100.0,5027.854956160925,0.1602191780821918,200.0000000000046
2021-02-05,29.459999,29.48,0.0,-5.0,78077.69092191434,73700.0,4377.690921914342,0.16153424657534246,-50.002500000001504
2021-02-08,29.719999,29.5,0.0,-5.0,78627.52677807873,73750.0,4877.526778078725,0.16164383561643836,549.9975000000035
2021-02-09,29.540001,29.58,0.0,-5.0,78527.36719588695,73949.99999999999,4577.367195886967,0.1620821917808219,-99.9974999999953
2021-02-10,29.860001,30.26,0.0,-5.0,77527.20388766778,75650.0,1877.2038876677834,0.1658082191780822,-999.9975000000028
2021-02-11,30.32,30.32,1.0,5.0,77527.03775068148,75800.0,1727.0377506814839,0.16613698630136986,0.0
2021-02-16,30.719999,30.9,0.0,5.0,77976.87093561298,77250.0,726.8709356129839,0.1693150684931507,450.002499999993
2021-02-17,30.700001,31.24,0.0,5.0,79326.69725753079,78100.0,1226.6972575307882,0.17117808219178082,1349.9974999999954
2021-02-18,31.299999,30.780001,0.0,5.0,78026.53359999106,76950.0025,1076.531099991058,0.1686575397260274,-1299.9950000000026
2021-02-19,30.700001,30.799999,-1.0,-5.0,77776.36983287326,76999.99750000001,776.3723328732449,0.1687671178082192,-249.9949999999984
2021-02-22,31.02,30.52,1.0,5.0,76526.20259999654,76300.0,226.2025999965408,0.16723287671232878,-1250.0
2021-02-23,30.4,30.799999,-1.0,-5.0,75526.03633287874,76999.99750000001,-1473.961167121277,0.1687671178082192,-999.9975000000028
2021-02-24,31.0,29.879999,1.0,4.0,73285.90335206121,59759.998,13525.905352061214,0.1309808175342466,-2240.0019999999968
2021-02-25,30.24,30.32,-1.0,-4.0,73125.77044247217,60640.0,12485.770442472174,0.1329095890410959,-160.0000000000037
2021-02-26,29.700001,29.219999,0.0,-4.0,74085.64635480533,58439.998,15645.64835480533,0.12808766684931508,960.0039999999979
2021-03-01,29.540001,29.58,0.0,-4.0,74005.51868905191,59160.0,14845.51868905191,0.12966575342465755,-79.99799999999624
2021-03-02,29.74,29.24,0.0,-4.0,75005.39051370944,58480.0,16525.39051370944,0.12817534246575343,1000.0
2021-03-03,29.299999,30.0,-1.0,-4.0,73605.25700686012,60000.0,13605.25700686012,0.13150684931506848,-1400.0020000000006
2021-03-04,29.58,29.42,1.0,4.0,73285.12804247656,58840.0,14445.128042476557,0.12896438356164383,-319.9999999999932
2021-03-05,29.0,29.24,0.0,4.0,73764.99986713409,58480.0,15284.999867134087,0.12817534246575343,479.9999999999969
2021-03-08,29.58,28.74,0.0,4.0,72084.87388357244,57480.0,14604.873883572436,0.12598356164383562,-1679.9999999999998
2021-03-09,28.860001,28.959999,-1.0,-4.0,71884.75093563161,57919.998,13964.752935631615,0.12694794082191782,-199.99599999999873
2021-03-10,29.299999,29.139999,0.0,-4.0,72204.6231986497,58279.998,13924.6251986497,0.12773698191780825,320.0000000000003
2021-03-11,29.18,29.58,0.0,-4.0,71404.49353289627,59160.0,12244.493532896275,0.12966575342465755,-799.9999999999972
2021-03-12,29.799999,29.0,1.0,4.0,69804.3684096086,58000.0,11804.368409608607,0.1271232876712329,-1599.9979999999994
2021-03-15,29.16,29.120001,-1.0,-4.0,69884.23876028917,58240.002,11644.236760289168,0.1276493194520548,79.99800000000334
2021-03-16,29.32,29.26,0.0,-4.0,70004.11049727547,58520.0,11484.11049727547,0.12826301369863014,119.99999999999744
2021-03-17,29.280001,29.299999,0.0,-4.0,69963.98605892369,58599.998,11363.988058923693,0.12843835178082194,-39.99600000000214
2021-03-18,29.58,29.66,1.0,4.0,70123.85604248533,59320.0,10803.856042485335,0.1300164383561644,160.0000000000037
2021-03-19,29.48,29.18,0.0,4.0,69523.72813015657,58360.0,11163.728130156567,0.1279123287671233,-600.0000000000014
2021-03-22,29.08,29.1,-1.0,-4.0,69483.60056851273,58200.0,11283.600568512731,0.12756164383561644,-40.00000000000625
2021-03-23,29.18,28.799999,0.0,-4.0,70243.47632194177,57599.998,12643.478321941766,0.12624657095890413,760.0020000000001
2021-03-24,28.719999,28.120001,-1.0,-4.0,71443.34905618396,56240.002,15203.347056183957,0.12326575780821919,1199.9960000000058
2021-03-25,27.98,28.16,0.0,-4.0,71083.22561508807,56320.0,14763.225615088071,0.12344109589041097,-359.99999999999943
2021-03-26,28.26,28.559999,0.0,-4.0,70483.10242057191,57119.998,13363.104420571915,0.12519451616438357,-599.9979999999994
2021-03-29,28.559999,28.620001,0.0,-4.0,70362.97296303329,57240.002,13122.970963033287,0.12545753863013698,-120.00399999999445
2021-03-30,28.68,28.82,0.0,-4.0,70082.84662878672,57640.0,12442.84662878672,0.12633424657534248,-280.00000000000114
2021-03-31,29.0,28.66,1.0,4.0,69402.72099591,57320.0,12082.72099591,0.12563287671232878,-679.9999999999998
2021-04-01,28.82,29.16,0.0,4.0,70082.59317125246,58320.0,11762.593171252462,0.12782465753424657,679.9999999999998
2021-04-07,29.32,28.9,1.0,4.0,69242.46648632096,57800.0,11442.466486320962,0.1266849315068493,-840.0000000000034
2021-04-08,28.76,29.280001,-1.0,-4.0,68202.33613563166,58560.002,9642.33413563166,0.1283506893150685,-1040.001999999994
2021-04-09,29.32,29.0,1.0,4.0,67562.20901234398,58000.0,9562.209012343985,0.1271232876712329,-640.0000000000006
2021-04-12,29.0,28.639999,-1.0,-4.0,68282.0854671429,57279.998,11002.087467142897,0.1255452010958904,720.0020000000009
2021-04-13,28.780001,28.92,-1.0,-4.0,68001.96069454015,57840.0,10161.960694540147,0.12677260273972604,-279.9980000000062
2021-04-14,29.0,29.200001,0.0,-4.0,67601.83069453576,58400.002,9201.828694535761,0.12800000438356166,-400.00200000000063
2021-04-15,29.139999,29.02,1.0,4.0,67361.70548357685,58040.0,9321.70548357685,0.1272109589041096,-239.99799999999993
2021-04-16,29.08,29.24,0.0,4.0,67681.57730823438,58480.0,9201.57730823438,0.12817534246575343,320.0000000000003
2021-04-19,29.24,29.379999,0.0,4.0,67961.44651919768,58759.998,9201.448519197678,0.12878903671232877,279.9980000000062
2021-04-20,29.200001,29.360001,0.0,4.0,68281.31781782344,58720.002,9561.315817823437,0.12870137424657535,320.0000000000003
2021-04-21,29.02,28.9,0.0,4.0,68041.19113289194,57800.0,10241.191132891938,0.1266849315068493,-240.000000000002
2021-04-22,28.98,29.0,-1.0,-4.0,68001.06400960426,58000.0,10001.064009604263,0.1271232876712329,-39.99999999999915
2021-04-23,29.0,29.360001,0.0,-4.0,67280.93330823001,58720.002,8560.931308230014,0.12870137424657535,-720.0020000000009
2021-04-26,29.360001,29.219999,1.0,4.0,67000.80122056317,58439.998,8560.803220563168,0.12808766684931508,-280.00399999999814
2021-04-27,29.16,29.16,0.0,4.0,67000.67339590563,58320.0,8680.67339590563,0.12782465753424657,0.0
2021-04-28,29.200001,29.34,0.0,4.0,67280.54278220699,58680.0,8600.54278220699,0.128613698630137,279.9979999999991
2021-04-29,29.34,29.459999,0.0,4.0,67520.41164248536,58919.998,8600.413642485357,0.12913972164383564,239.99799999999993
2021-04-30,29.26,28.799999,0.0,4.0,66600.28339591439,57599.998,9000.28539591439,0.12624657095890413,-920.0020000000038
2021-05-03,28.860001,28.48,-1.0,-4.0,67360.16055207877,56960.0,10400.16055207877,0.12484383561643837,760.0020000000001
2021-05-04,28.5,28.780001,0.0,-4.0,66800.03239317029,57560.002,9240.030393170287,0.12615890849315067,-560.0019999999972
2021-05-05,28.6,28.639999,0.0,-4.0,66719.9088479692,57279.998,9439.9108479692,0.1255452010958904,-79.99799999999624
2021-05-06,28.74,28.780001,0.0,-4.0,66639.78068906072,57560.002,9079.778689060717,0.12615890849315067,-80.00200000000035
2021-05-07,28.940001,28.82,0.0,-4.0,66879.65635481414,57640.0,9239.656354814142,0.12633424657534248,240.00199999999694
2021-05-10,28.959999,28.74,0.0,-4.0,67319.5283712525,57480.0,9839.528371252498,0.12598356164383562,439.9980000000028
2021-05-11,28.440001,28.120001,0.0,-4.0,67959.40510549469,56240.002,11719.40310549469,0.12326575780821919,640.0000000000006
2021-05-12,28.18,28.4,0.0,-4.0,67519.28061234401,56800.0,10719.28061234401,0.12449315068493153,-439.9999999999977
2021-05-13,28.1,27.98,0.0,-4.0,67759.15796028922,55960.0,11799.157960289216,0.12265205479452054,240.000000000002
2021-05-14,28.1,28.200001,0.0,-4.0,67559.03234384648,56400.002,11159.030343846483,0.12361644273972604,-200.0019999999978
2021-05-17,28.299999,28.379999,0.0,-4.0,67398.90793837141,56759.998,10638.909938371413,0.12440547506849316,-160.0000000000037
2021-05-18,28.52,28.780001,1.0,4.0,67918.78377946292,57560.002,10358.781779462915,0.12615890849315067,520.0019999999981
2021-05-20,28.52,28.620001,0.0,4.0,68118.66032192428,57240.002,10878.658321924282,0.12545753863013698,200.0019999999978
2021-05-21,28.719999,28.639999,0.0,4.0,67958.53477672319,57279.998,10678.536776723187,0.1255452010958904,-160.0000000000037
2021-05-24,28.639999,28.66,0.0,4.0,67998.41114384648,57320.0,10678.411143846475,0.12563287671232878,40.0020000000012
2021-05-25,28.700001,29.18,0.0,4.0,68958.2812315177,58360.0,10598.2812315177,0.1279123287671233,959.9979999999988
2021-05-26,29.219999,29.379999,1.0,4.0,69278.15244248099,58759.998,10518.15444248099,0.12878903671232877,320.0000000000003
2021-05-27,29.379999,29.379999,0.0,4.0,69278.02365344428,58759.998,10518.025653444281,0.12878903671232877,0.0
2021-05-28,29.440001,29.42,0.0,4.0,69237.89268906073,58840.0,10397.892689060725,0.12896438356164383,-40.0019999999941
2021-05-31,29.42,29.4,0.0,4.0,69197.76381234839,58800.0,10397.763812348392,0.12887671232876713,-40.00000000000625
2021-06-01,29.4,29.780001,0.0,4.0,69957.63526987824,59560.002,10397.633269878243,0.1305424701369863,760.0020000000001
2021-06-02,29.76,29.58,0.0,4.0,69597.50560412482,59160.0,10437.505604124817,0.12966575342465755,-360.00000000000654
2021-06-03,29.58,29.26,0.0,4.0,68957.37734111112,58520.0,10437.377341111118,0.12826301369863014,-639.9999999999934
2021-06-04,29.139999,29.24,-1.0,-4.0,68757.24716576865,58480.0,10277.247165768655,0.12817534246575343,-200.0019999999978
2021-06-07,29.299999,29.139999,0.0,-4.0,69077.11942878674,58279.998,10797.12142878674,0.12773698191780825,320.0000000000003
2021-06-08,29.219999,29.120001,0.0,-4.0,69276.9877794673,58240.002,11036.985779467293,0.1276493194520548,199.99600000000584
2021-06-09,29.139999,29.1,0.0,-4.0,69356.85821782345,58200.0,11156.85821782345,0.12756164383561644,79.99799999999624
2021-06-10,29.1,29.08,0.0,-4.0,69396.73074385084,58160.0,11236.730743850843,0.1274739726027397,40.00000000000625
2021-06-11,29.16,29.200001,0.0,-4.0,69316.60074384647,58400.002,10916.598743846473,0.12800000438356166,-80.00200000000035
2021-06-15,29.26,29.0,0.0,-4.0,69836.4736205588,58000.0,11836.473620558798,0.1271232876712329,520.0000000000032
2021-06-16,29.0,28.799999,-1.0,-4.0,70236.34937398785,57599.998,12636.351373987847,0.12624657095890413,400.00200000000063
2021-06-17,28.66,28.879999,0.0,-4.0,69796.22477673195,57759.998,12036.22677673195,0.12659725589041096,-439.9980000000028
2021-06-18,28.9,29.16,0.0,-4.0,69276.09695207441,58320.0,10956.096952074411,0.12782465753424657,-520.0000000000032
2021-06-21,28.92,28.860001,1.0,4.0,69155.97244248098,57720.002,11435.970442480982,0.12650959342465753,-119.99800000000249
2021-06-22,28.940001,28.66,-1.0,-4.0,69715.84880960426,57320.0,12395.848809604257,0.12563287671232878,560.0019999999972
2021-06-23,28.799999,29.219999,0.0,-4.0,68875.72072193741,58439.998,10435.72272193741,0.12808766684931508,-840.0000000000034
2021-06-24,29.219999,29.280001,1.0,4.0,68995.5963712481,58560.002,10435.594371248102,0.1283506893150685,120.00399999999445
2021-06-25,29.360001,29.620001,0.0,4.0,69515.46653014782,59240.002,10275.464530147823,0.1298411002739726,519.999999999996
2021-06-28,29.639999,29.639999,0.0,4.0,69515.33660138509,59279.998,10235.33860138509,0.12992876273972603,0.0
2021-06-29,29.639999,29.42,0.0,4.0,69075.20963700154,58840.0,10235.209637001535,0.12896438356164383,-439.99799999999567
2021-06-30,29.48,29.24,0.0,4.0,68595.08146165907,58480.0,10115.081461659065,0.12817534246575343,-480.000000000004
2021-07-02,29.24,28.74,-1.0,-4.0,69594.95547809741,57480.0,12114.955478097414,0.12598356164383562,1000.0
2021-07-05,28.700001,28.639999,-1.0,-4.0,69714.83393289632,57279.998,12434.83593289632,0.1255452010958904,120.00400000000155
2021-07-06,28.639999,28.559999,0.0,-4.0,69874.70873838016,57119.998,12754.710738380156,0.12519451616438357,159.9999999999966
2021-07-07,28.48,28.540001,0.0,-4.0,69754.58163152647,57080.002,12674.579631526467,0.12510685369863014,-120.0019999999995
2021-07-08,28.4,27.74,0.0,-4.0,71074.46003152647,55480.0,15594.460031526469,0.1216,1320.0000000000002
2021-07-09,27.74,27.940001,-1.0,-4.0,70674.33555480975,55880.002,14794.333554809746,0.12247671671232878,-400.00200000000063
2021-07-12,28.139999,28.1,0.0,-4.0,70754.21037672754,56200.0,14554.21037672754,0.12317808219178082,79.99799999999624
2021-07-13,28.200001,28.48,0.0,-4.0,70194.08753289192,56960.0,13234.087532891921,0.12484383561643837,-559.9980000000003
2021-07-14,28.440001,28.299999,1.0,4.0,69913.95947810178,56599.998,13313.96147810178,0.12405479013698631,-280.00399999999814
2021-07-15,28.299999,28.5,0.0,4.0,70313.83654659493,57000.0,13313.836546594932,0.12493150684931507,400.00200000000063
2021-07-16,28.42,28.6,0.0,4.0,70673.71117673191,57200.0,13473.711176731915,0.12536986301369865,359.99999999999943
2021-07-19,28.280001,28.0,0.0,4.0,70113.5864370059,56000.0,14113.586437005899,0.12273972602739727,-560.0019999999972
2021-07-20,27.9,27.76,-1.0,-5.0,70463.43432741685,69400.0,1063.4343274168496,0.1521095890410959,349.99999999999255
2021-07-21,27.9,27.76,0.0,-5.0,70813.2822178278,69400.0,1413.2822178278002,0.1521095890410959,349.99999999999255
2021-07-22,27.959999,28.24,0.0,-5.0,70113.12497810177,70600.0,-486.87502189823135,0.15473972602739727,-700.0024999999965
2021-07-23,28.24,27.860001,1.0,4.0,69353.00485207,55720.002,13633.002852069993,0.12212603178082193,-759.997999999996
2021-07-26,27.5,26.700001,-1.0,-5.0,71352.85605069465,66750.00249999999,4602.853550694665,0.14630137534246573,1999.9974999999993
2021-07-27,26.540001,25.66,-1.0,-5.0,73552.71794795492,64150.00000000001,9402.717947954916,0.1406027397260274,2200.0025
2021-07-28,26.0,26.040001,-1.0,-5.0,73452.57276301793,65100.0025,8352.57026301793,0.14268493698630139,-100.00250000000044
2021-07-29,26.620001,26.84,1.0,5.0,74002.42319452477,67100.0,6902.423194524774,0.14706849315068493,549.9975000000035
2021-07-30,26.559999,26.52,1.0,5.0,73902.28037945628,66300.0,7602.280379456279,0.14531506849315068,-99.99750000000418
2021-08-02,26.559999,26.719999,0.0,5.0,74302.13396850285,66799.9975,7502.136468502853,0.14641095342465754,400.00000000000034
2021-08-03,26.74,26.68,1.0,5.0,74151.98777672203,66700.0,7451.987776722031,0.1461917808219178,-149.99999999999682
2021-08-04,26.620001,26.940001,0.0,5.0,74951.8401602782,67350.0025,7601.837660278194,0.14761644383561645,800.0000000000007
2021-08-05,26.92,26.719999,0.0,5.0,74451.69124932477,66799.9975,7651.693749324768,0.14641095342465754,-500.0025000000008
2021-08-06,26.719999,26.700001,0.0,5.0,74401.54994794942,66750.00249999999,7651.54744794943,0.14630137534246573,-49.995000000002676
2021-08-09,26.5,26.76,0.0,5.0,75051.40331781244,66900.0,8151.403317812437,0.14663013698630137,650.0000000000039
2021-08-10,26.940001,27.08,0.0,5.0,75401.2524342508,67699.99999999999,7701.252434250811,0.1483835616438356,349.99749999999887
2021-08-11,27.0,27.139999,0.0,5.0,75751.1012219275,67849.9975,7901.103721927502,0.14871232328767123,349.99749999999887
2021-08-12,27.139999,26.98,0.0,5.0,75350.95588631106,67450.0,7900.955886311058,0.14783561643835616,-399.9974999999978
2021-08-13,26.879999,26.9,0.0,5.0,75400.81098905078,67250.0,8150.810989050777,0.14739726027397262,50.00249999999262
2021-08-16,26.879999,26.719999,0.0,5.0,75000.66457809735,66799.9975,8200.66707809735,0.14641095342465754,-400.00000000000034
2021-08-17,26.700001,26.26,0.0,5.0,73900.5181876864,65650.0,8250.518187686394,0.14389041095890412,-1100.0024999999969
2021-08-18,26.32,26.379999,-1.0,-5.0,73750.37613974667,65949.99750000001,7800.378639746661,0.14454793972602742,-149.99750000000313
2021-08-19,26.299999,25.84,0.0,-5.0,74900.23205070557,64599.99999999999,10300.232050705577,0.1415890410958904,1149.9974999999995
2021-08-20,25.84,25.379999,-1.0,-5.0,76050.0954822179,63449.997500000005,12600.0979822179,0.1390684876712329,1150.0024999999957
2021-08-23,25.68,25.68,0.0,-5.0,76049.95476988914,64200.0,11849.95476988914,0.14071232876712328,-0.0
2021-08-24,25.98,26.24,0.0,-5.0,75399.81098906722,65600.0,9799.81098906722,0.14378082191780822,-649.999999999995
2021-08-25,26.42,26.26,1.0,5.0,74999.66709865627,65650.0,9349.667098656268,0.14389041095890412,-400.00000000000034
2021-08-26,26.139999,25.98,0.0,5.0,74599.52724249188,64950.0,9649.52724249188,0.14235616438356163,-399.9974999999978
2021-08-27,25.98,25.959999,0.0,5.0,74549.38249592202,64899.9975,9649.384995922024,0.1422465698630137,-50.002500000001504
2021-08-30,25.98,26.1,0.0,5.0,74849.23948222339,65250.0,9599.239482223391,0.143013698630137,300.0000000000025
2021-08-31,26.08,26.42,0.0,5.0,75699.09471510012,66050.00000000001,9649.094715100102,0.14476712328767127,850.0000000000085
2021-09-01,26.4,26.6,0.0,5.0,76198.94896167546,66500.0,9698.948961675458,0.14575342465753424,500.0000000000071
2021-09-02,26.719999,26.700001,0.0,5.0,76148.80766030011,66750.00249999999,9398.805160300122,0.14630137534246573,-49.995000000002676
2021-09-03,26.58,26.540001,0.0,5.0,76048.6647356371,66350.0025,9698.662235637094,0.14542466301369866,-99.9974999999953
2021-09-06,26.540001,26.76,0.0,5.0,76598.51560550011,66900.0,9698.515605500113,0.14663013698630137,549.9975000000035
2021-09-07,26.799999,26.98,0.0,5.0,77048.37026988367,67450.0,9598.370269883671,0.14783561643835616,450.0025000000019
2021-09-08,26.98,26.9,0.0,5.0,76848.2228726234,67250.0,9598.222872623403,0.14739726027397262,-200.0000000000046
2021-09-09,26.719999,26.34,0.0,5.0,75898.08104385628,65850.0,10048.081043856277,0.14432876712328768,-949.9975000000038
2021-09-10,26.48,26.84,-1.0,-5.0,74997.93397536312,67100.0,7897.933975363121,0.14706849315068493,-899.9999999999986
2021-09-13,26.540001,26.459999,1.0,5.0,74797.78398906723,66149.9975,8647.786489067235,0.14498629589041095,-200.00500000000088
2021-09-14,26.48,26.16,-1.0,-5.0,75597.64064660147,65400.00000000001,10197.640646601467,0.14334246575342469,800.0000000000007
2021-09-15,26.0,25.780001,-1.0,-5.0,76147.49688632201,64450.002499999995,11697.494386322018,0.1412602794520548,549.9975000000035
2021-09-16,25.700001,25.360001,0.0,-5.0,76997.35792741242,63400.0025,13597.355427412418,0.13895890958904109,849.9999999999997
2021-09-17,25.299999,25.58,0.0,-5.0,76297.21526302886,63949.99999999999,12347.21526302887,0.14016438356164382,-700.0024999999965
2021-09-20,25.34,24.76,0.0,-5.0,77747.07959179599,61900.00000000001,15847.079591795984,0.13567123287671234,1449.9999999999957
2021-09-21,24.559999,24.860001,-1.0,-5.0,76996.93837261242,62150.0025,14846.93587261242,0.13621918356164384,-750.0049999999981
2021-09-23,25.18,25.18,0.0,-5.0,76996.80040000968,62950.0,14046.800400009684,0.13797260273972603,-0.0
2021-09-24,25.1,24.860001,0.0,-5.0,77596.66168082612,62150.0025,15446.659180826115,0.13621918356164384,599.9975000000024
2021-09-27,24.799999,24.82,0.0,-5.0,77546.52318082612,62050.0,15496.523180826116,0.136,-50.002500000001504
2021-09-28,24.9,25.120001,0.0,-5.0,76996.38303698502,62800.002499999995,14196.380536985023,0.1376438410958904,-550.0024999999997
2021-09-29,24.98,25.32,1.0,6.0,78016.21654931379,75960.00000000001,2056.2165493137727,0.16648767123287675,1019.9999999999995
2021-09-30,25.16,25.219999,0.0,6.0,78196.04771918338,75659.997,2536.050719183375,0.16583013041095893,179.99700000000374
2021-10-04,25.16,24.719999,0.0,6.0,76875.8821767242,74159.997,2715.8851767242013,0.1625424591780822,-1320.0029999999963
2021-10-05,24.440001,24.76,-1.0,-6.0,75915.72237124474,74280.0,1635.7223712447449,0.16280547945205479,-959.9970000000085
2021-10-06,24.879999,24.620001,0.0,-6.0,76695.55448630668,73860.003,2835.5514863066783,0.1618849380821918,779.9940000000092
2021-10-07,24.940001,25.360001,-1.0,-6.0,75435.38773561516,76080.00300000001,-644.6152643848473,0.16675069150684935,-1260.000000000005
2021-10-08,25.620001,25.48,1.0,5.0,75085.2456191768,63700.0,11385.2456191768,0.13961643835616439,-350.0024999999951
2021-10-11,25.700001,25.940001,0.0,5.0,75685.10348218502,64850.0025,10835.100982185017,0.14213699178082193,599.9999999999961
2021-10-12,25.700001,25.6,1.0,5.0,75434.96070821241,64000.0,11434.960708212413,0.14027397260273974,-250.00249999999724
2021-10-15,25.82,25.98,0.0,5.0,75834.81835204802,64950.0,10884.818352048023,0.14235616438356163,400.00000000000034
2021-10-18,26.08,26.1,0.0,5.0,75884.6753383494,65250.0,10634.675338349407,0.143013698630137,50.000000000007816
2021-10-19,26.16,26.440001,0.0,5.0,76584.5329616316,66100.0025,10484.530461631599,0.1448767178082192,700.0024999999965
2021-10-20,26.66,26.82,0.0,5.0,76984.3860027275,67050.0,9934.386002727493,0.14695890410958903,400.00000000000034
2021-10-21,26.799999,26.620001,0.0,5.0,76534.2451397083,66550.00249999999,9984.242639708318,0.14586301917808217,-449.995000000003
2021-10-22,26.76,26.76,0.0,5.0,76534.09850957133,66900.0,9634.098509571326,0.14663013698630137,0.0
2021-10-25,26.68,26.780001,0.0,5.0,76783.95426983981,66950.0025,9833.951769839812,0.14673973150684932,250.00249999999724
2021-10-26,26.879999,26.68,0.0,5.0,76283.810578059,66700.0,9583.810578058998,0.1461917808219178,-499.99750000000455
2021-10-27,26.440001,26.280001,0.0,5.0,75883.66657805351,65700.0025,10183.664078053509,0.14400000547945208,-400.00000000000034
2021-10-28,26.280001,26.18,-1.0,-5.0,76133.52562599872,65450.0,10683.525625998722,0.14345205479452056,250.00249999999724
2021-10-29,25.639999,25.52,0.0,-5.0,76433.38329038228,63800.0,12633.383290382277,0.13983561643835615,299.99749999999995
2021-11-01,25.42,25.299999,0.0,-5.0,76733.24716025077,63249.9975,13483.249660250774,0.1386301315068493,300.00250000000506
2021-11-02,25.639999,25.299999,0.0,-5.0,77583.10853011927,63249.9975,14333.111030119268,0.1386301315068493,849.9999999999997
2021-11-03,25.18,25.16,-1.0,-5.0,77632.97066710556,62900.0,14732.970667105561,0.13786301369863013,49.999999999998934
2021-11-04,25.26,25.379999,0.0,-5.0,77332.8340986179,63449.997500000005,13882.83659861789,0.1390684876712329,-299.99749999999995
2021-11-05,25.120001,25.08,0.0,-5.0,77432.69917396037,62699.99999999999,14732.699173960376,0.13742465753424657,100.00250000000044
2021-11-08,24.98,24.959999,0.0,-5.0,77482.56490684257,62399.9975,15082.567406842572,0.13676711780821918,50.002500000001504
2021-11-09,25.059999,24.959999,0.0,-5.0,77732.42813972477,62399.9975,15332.430639724771,0.13676711780821918,250.00000000000355
2021-11-10,24.9,25.16,0.0,-5.0,77082.29027671106,62900.0,14182.290276711065,0.13786301369863013,-650.0000000000039
2021-11-11,25.02,25.440001,0.0,-5.0,76032.14837944531,63600.002499999995,12432.145879445314,0.13939726575342465,-1050.002499999998
2021-11-12,25.66,25.5,1.0,5.0,75632.00865341791,63750.0,11882.008653417914,0.13972602739726028,-400.00000000000034
2021-11-15,25.559999,25.559999,0.0,5.0,75631.86859862888,63899.997500000005,11731.871098628872,0.14005478904109592,0.0
2021-11-16,25.6,25.799999,0.0,5.0,76131.72472877134,64499.997500000005,11631.727228771335,0.1413698575342466,499.9974999999956
2021-11-17,25.74,25.780001,1.0,5.0,76231.58596849188,64450.002499999995,11781.583468491888,0.1412602794520548,100.00250000000044
2021-11-18,25.52,25.4,0.0,5.0,75931.4467904097,63500.0,12431.446790409696,0.13917808219178082,-300.0000000000025
2021-11-19,25.1,25.18,-1.0,-6.0,75691.28122328641,75539.99999999999,151.28122328642348,0.1655671232876712,-239.99999999999488
2021-11-22,25.200001,25.1,0.0,-6.0,75991.11918219051,75300.00000000001,691.119182190494,0.165041095890411,300.0029999999967
2021-11-23,24.860001,24.82,0.0,-6.0,76110.95898219051,74460.00000000001,1650.9589821904956,0.16320000000000004,120.00300000000053
2021-11-24,24.879999,24.860001,0.0,-6.0,76170.78951917024,74580.00300000001,1590.7865191702294,0.16346302027397264,59.99400000000321
2021-11-25,24.82,24.92,0.0,-6.0,75870.62566163599,74760.0,1110.6256616359897,0.16385753424657534,-300.00000000000426
2021-11-26,24.68,24.26,0.0,-6.0,77130.46614382777,72780.0,4350.466143827769,0.1595178082191781,1259.9999999999945
2021-11-29,24.120001,24.139999,-1.0,-6.0,77070.31341506721,72419.99699999999,4650.316415067224,0.15872876054794519,-59.99400000000321
2021-11-30,24.1,23.620001,0.0,-6.0,78510.1551054716,70860.003,7650.1521054715995,0.15530959561643837,1439.997000000009
2021-12-01,23.719999,23.84,-1.0,-6.0,78149.99534930721,71520.0,6629.99534930721,0.15675616438356166,-360.0029999999954
2021-12-02,23.74,23.959999,0.0,-6.0,77489.8408041083,71879.997,5609.843804108299,0.1575451989041096,-659.9970000000042
2021-12-03,23.879999,23.92,0.0,-6.0,77369.68052191653,71760.0,5609.680521916525,0.15728219178082192,-120.00300000000053
2021-12-06,23.6,23.5,0.0,-6.0,77669.52600136858,70500.0,7169.5260013685765,0.1545205479452055,300.00000000000426
2021-12-07,23.82,24.139999,0.0,-6.0,76709.37027260802,72419.99699999999,4289.373272608034,0.15872876054794519,-959.9969999999978
2021-12-08,24.200001,24.16,1.0,6.0,76589.20841233405,72480.0,4109.208412334046,0.15886027397260274,-120.00300000000053
2021-12-09,24.299999,24.379999,0.0,6.0,76829.04810549131,73139.997,3689.0511054913077,0.16030684273972604,240.00000000000554
2021-12-10,24.219999,24.120001,0.0,6.0,76528.89550822445,72360.003,4168.892508224453,0.15859726684931505,-299.9940000000088
2021-12-13,24.360001,24.139999,0.0,6.0,75868.73077946389,72419.99699999999,3448.7337794639025,0.15872876054794519,-660.0060000000028
2021-12-14,23.84,23.76,0.0,6.0,75628.5745493269,71280.0,4348.574549326906,0.15623013698630137,-239.99999999999488
2021-12-15,23.82,23.58,-1.0,-6.0,76348.41950275157,70740.0,5608.419502751567,0.15504657534246577,720.0000000000059
2021-12-16,23.52,23.66,0.0,-6.0,75928.26393014882,70980.0,4948.263930148823,0.15557260273972603,-420.0000000000017
2021-12-17,23.639999,23.34,0.0,-6.0,76828.10746165567,70020.0,6808.1074616556725,0.15346849315068495,899.996999999999
2021-12-20,23.219999,22.9,-1.0,-6.0,77787.9538863132,68699.99999999999,9087.953886313218,0.1505753424657534,959.9970000000085
2021-12-21,22.92,23.1,0.0,-6.0,77247.80199590225,69300.00000000001,7947.801995902235,0.15189041095890415,-539.9999999999991
2021-12-22,23.32,23.200001,0.0,-6.0,77607.64644795046,69600.003,8007.643447950468,0.15254795178082192,359.9969999999999
2021-12-23,23.299999,23.34,0.0,-6.0,77487.48997945731,70020.0,7467.489979457314,0.15346849315068495,-120.00300000000053
2021-12-24,23.4,23.4,0.0,-6.0,77487.33611644362,70199.99999999999,7287.336116443636,0.15386301369863012,-0.0
2021-12-28,23.4,23.42,0.0,-6.0,77427.18212192306,70260.0,7167.182121923062,0.1539945205479452,-60.00000000000938
2021-12-29,23.379999,23.200001,0.0,-6.0,77967.02357397128,69600.003,8367.020573971284,0.15254795178082192,539.9940000000037
2021-12-30,23.219999,23.280001,0.0,-6.0,77786.86449999211,69840.003,7946.861499992112,0.1530739791780822,-180.00599999999167
2021-12-31,23.559999,23.559999,0.0,-6.0,77786.70958493018,70679.997,7106.712584930181,0.15491506191780824,-0.0
2022-01-03,23.66,23.4,0.0,-6.0,78566.55572191649,70199.99999999999,8366.555721916506,0.15386301369863012,780.0000000000047
2022-01-04,23.52,23.440001,0.0,-6.0,78806.39859588252,70320.003,8486.395595882525,0.15412603397260274,239.99700000000246
2022-01-05,23.440001,23.040001,0.0,-6.0,80006.24709998553,69120.003,10886.244099985532,0.15149589698630136,1199.9999999999957
2022-01-06,23.0,23.219999,0.0,-6.0,79346.09742054004,69659.997,9686.100420540039,0.15267944547945206,-659.9970000000042
2022-01-07,23.4,23.639999,0.0,-6.0,78625.94497945072,70919.99699999999,7705.947979450735,0.15544108931506848,-719.9970000000029
2022-01-10,23.620001,23.84,0.0,-6.0,77965.79122328633,71520.0,6445.791223286331,0.15675616438356166,-659.9970000000042
2022-01-11,23.82,23.860001,0.0,-6.0,77845.63133560853,71580.00300000001,6265.628335608519,0.15688767780821922,-120.00300000000053
2022-01-12,24.120001,24.5,0.0,-6.0,76705.47323971812,73500.0,3205.4732397181215,0.16109589041095893,-1139.9970000000046
2022-01-13,24.639999,24.559999,0.0,-6.0,76945.31174931374,73679.997,3265.3147493137367,0.16149040438356166,239.99999999999488
2022-01-14,24.299999,24.48,0.0,-6.0,76405.14778493019,73440.0,2965.147784930188,0.16096438356164383,-540.0030000000022
2022-01-17,24.48,24.34,0.0,-6.0,76824.98774109458,73020.0,3804.9877410945774,0.16004383561643837,420.0000000000017
2022-01-18,24.379999,24.26,0.0,-6.0,77184.82522328636,72780.0,4404.82522328636,0.1595178082191781,359.9969999999999
2022-01-19,24.26,24.219999,0.0,-6.0,77304.66896849842,72659.997,4644.671968498413,0.1592547879452055,120.00300000000053
2022-01-20,24.360001,25.08,0.0,-6.0,75144.50705890938,75240.0,-95.49294109061884,0.1649095890410959,-2159.9969999999935
2022-01-21,25.0,25.059999,0.0,-6.0,74964.34528083376,75179.997,-215.6517191662424,0.16477807561643837,-179.99700000000374
2022-01-24,24.9,24.799999,1.0,6.0,74664.17921234718,74399.997,264.1822123471793,0.16306848657534248,-300.0029999999967
2022-01-25,24.360001,24.4,0.0,6.0,74784.015773991,73199.99999999999,1584.015773991021,0.16043835616438354,119.99699999999436
2022-01-26,24.5,24.4,0.0,6.0,74483.85533563484,73199.99999999999,1283.8553356348566,0.16043835616438354,-300.00000000000426
2022-01-27,24.26,23.92,-1.0,-6.0,75503.69805344306,71760.0,3743.6980534430622,0.15728219178082192,1019.9999999999995
2022-01-28,23.98,23.68,0.0,-6.0,76403.54234933347,71039.99999999999,5363.542349333482,0.15570410958904107,900.0000000000022
2022-01-31,24.0,24.0,0.0,-6.0,76403.38454111428,72000.0,4403.384541114283,0.1578082191780822,-0.0
2022-02-04,24.379999,24.700001,-1.0,-6.0,75443.21613014881,74100.003,1343.2131301488116,0.16241096547945205,-960.0059999999963
2022-02-07,24.68,24.68,0.0,-6.0,75443.05385069676,74039.99999999999,1403.0538506967714,0.1622794520547945,-0.0
2022-02-08,24.68,24.48,1.0,6.0,74842.8928863132,73440.0,1402.8928863132023,0.16096438356164383,-599.9999999999978
2022-02-09,24.860001,24.959999,0.0,6.0,75142.72276577182,74879.997,262.7257657718146,0.16412054136986304,299.9939999999981
2022-02-10,25.16,25.040001,-1.0,-5.0,75442.58306028688,62600.0025,12842.580560286879,0.13720548493150686,299.99749999999995
2022-02-11,24.959999,25.02,1.0,6.0,75622.42154521839,75060.0,562.4215452183853,0.1645150684931507,180.00299999999925
2022-02-14,24.82,24.68,0.0,6.0,75202.25926576633,74039.99999999999,1162.259265766348,0.1622794520547945,-420.0000000000017
2022-02-15,24.6,24.459999,0.0,6.0,74782.09543289618,73379.997,1402.0984328961786,0.16083287013698633,-420.0030000000048
2022-02-16,24.719999,24.82,-1.0,-6.0,74481.92923289619,74460.00000000001,21.929232896174653,0.16320000000000004,-300.0029999999967
2022-02-17,24.879999,24.92,0.0,-6.0,74361.76237536194,74760.0,-398.23762463805906,0.16385753424657534,-120.00300000000053
2022-02-18,24.84,24.48,1.0,5.0,73461.62823837563,61200.0,12261.628238375633,0.13413698630136986,-899.9999999999986
2022-02-21,24.24,24.34,0.0,5.0,73711.49486851261,60850.0,12861.494868512615,0.13336986301369863,250.00000000000355
2022-02-22,23.9,23.620001,-1.0,-6.0,74551.336558917,70860.003,3691.333558917002,0.15530959561643837,839.9970000000003
2022-02-23,23.700001,23.799999,0.0,-6.0,74251.1860657729,71399.997,2851.1890657728945,0.15649314410958906,-299.9939999999981
2022-02-24,23.34,23.059999,-1.0,-6.0,75091.0374383822,69179.997,5911.040438382202,0.1516273906849315,840.0029999999958
2022-02-25,23.08,22.92,0.0,-6.0,75570.88673153288,68760.0,6810.886731532883,0.1507068493150685,479.99999999998977
2022-02-28,22.9,22.879999,-1.0,-6.0,75630.73928770384,68639.997,6990.742287703833,0.1504438290410959,60.00299999999115
2022-03-01,22.879999,22.879999,0.0,-6.0,75630.5888438748,68639.997,6990.59184387479,0.1504438290410959,-0.0
2022-03-02,22.68,22.5,0.0,-6.0,76170.44089866932,67500.0,8670.440898669316,0.14794520547945206,539.9999999999991
2022-03-03,22.58,22.639999,0.0,-6.0,75990.29503292247,67919.99699999999,8070.298032922481,0.14886574684931506,-179.99700000000374
2022-03-04,22.120001,22.059999,0.0,-6.0,76170.15598087425,66179.997,9990.158980874243,0.14505204821917808,180.00599999999167
2022-03-07,21.5,21.219999,0.0,-6.0,77010.0194521137,63659.997,13350.022452113699,0.13952876054794522,840.0029999999958
2022-03-08,21.280001,20.879999,0.0,-6.0,78209.88815896958,62639.99700000001,15569.89115896957,0.13729314410958907,1200.0059999999912
2022-03-09,21.0,20.780001,0.0,-6.0,78869.74852334657,62340.003,16529.745523346573,0.13663562301369864,659.9970000000042
2022-03-10,21.18,21.1,0.0,-6.0,79109.60978362054,63300.00000000001,15809.609783620537,0.1387397260273973,239.99999999999488
2022-03-11,20.6,20.799999,0.0,-6.0,78509.47601650385,62399.996999999996,16109.47901650385,0.13676711671232877,-599.9969999999948
2022-03-14,20.42,19.799999,0.0,-6.0,80369.3488247296,59399.996999999996,20969.35182472961,0.13019177424657533,1860.003000000006
2022-03-15,19.299999,18.65,0.0,-6.0,82319.22319459262,55949.99999999999,26369.223194592625,0.12263013698630136,1949.9970000000033
2022-03-16,19.15,20.24,-1.0,-6.0,79049.0901096611,60720.0,18329.090109661105,0.13308493150684933,-3269.9999999999995
2022-03-17,21.4,21.68,0.0,-6.0,78208.94755623645,65039.99999999999,13168.94755623646,0.14255342465753423,-840.0000000000034
2022-03-18,21.4,21.66,1.0,7.0,79118.78139733235,75810.0,3308.78139733235,0.16615890410958906,910.0000000000055
2022-03-21,22.0,21.4,0.0,7.0,77018.61723294879,74899.99999999999,2118.6172329488036,0.1641643835616438,-2100.000000000005
2022-03-22,21.540001,22.08,1.0,7.0,78908.44435212687,77280.0,1628.4443521268695,0.16938082191780823,1889.9964999999934
2022-03-23,22.219999,22.32,0.0,7.0,79258.27663020905,78120.0,1138.2766302090458,0.1712219178082192,350.00349999999617
2022-03-24,22.139999,22.139999,1.0,7.0,79258.10678912082,77489.99650000001,1768.1102891208138,0.1698410882191781,0.0
2022-03-25,21.959999,21.58,0.0,7.0,77927.94474391533,75530.0,2397.94474391533,0.16554520547945206,-1329.9965000000054
2022-03-28,21.6,21.879999,0.0,7.0,78907.77339734766,76579.99650000001,2327.7768973476486,0.1678465676712329,979.9965000000004
2022-03-29,21.98,22.120001,0.0,7.0,79397.60720966874,77420.00349999999,1977.6037096687505,0.16968767890410957,490.00349999999315
2022-03-30,22.299999,22.4,1.0,7.0,79747.4388740523,78399.99999999999,1347.4388740523136,0.17183561643835615,350.00349999999617
2022-03-31,22.4,22.280001,0.0,7.0,79327.27145897615,77980.00349999999,1347.2679589761537,0.17091507616438356,-419.99649999999986
2022-04-01,21.9,22.26,0.0,7.0,80587.10069733232,77910.00000000001,2677.100697332309,0.17076164383561648,1260.0000000000105
2022-04-04,22.440001,22.700001,0.0,7.0,81496.92656033835,79450.0035,2046.9230603383476,0.17413699397260277,910.0000000000055
2022-04-06,22.459999,22.26,1.0,7.0,80796.75929869452,77910.00000000001,2886.759298694509,0.17076164383561648,-699.996499999994
2022-04-07,22.139999,22.02,0.0,7.0,80376.59387814658,77070.0,3306.593878146581,0.1689205479452055,-419.99649999999986
2022-04-08,21.959999,22.1,0.0,7.0,80866.42784390002,77350.00000000001,3516.4278439000045,0.16953424657534252,490.0035000000056
2022-04-11,21.879999,21.42,-1.0,-7.0,82476.2600260918,74970.0,7506.260026091797,0.1643178082191781,1609.9964999999993
2022-04-12,21.48,21.52,1.0,7.0,82616.09494116029,75320.0,7296.094941160292,0.1650849315068493,139.99999999999702
2022-04-13,21.42,21.58,-1.0,-7.0,82055.92939595482,75530.0,6525.929395954823,0.16554520547945206,-559.9999999999881
2022-04-14,21.620001,21.719999,0.0,-7.0,81705.7697767844,76019.99650000001,5685.7732767843845,0.16661917041095894,-349.9930000000102
2022-04-19,21.360001,21.219999,0.0,-7.0,82195.61399323042,74269.99650000001,7925.617493230413,0.16278355397260275,490.00699999999676
2022-04-20,21.16,21.120001,0.0,-7.0,82335.4484767844,73920.00349999999,8415.444976784405,0.16201644602739723,139.99650000000585
2022-04-21,21.059999,20.879999,0.0,-7.0,82965.2883014496,73079.99650000001,9885.291801449595,0.16017533479452056,629.999999999999
2022-04-22,20.620001,20.84,0.0,-7.0,82195.13193295644,72940.0,9255.131932956443,0.15986849315068494,-769.9965000000049
2022-04-25,20.459999,20.16,0.0,-7.0,83244.97378090164,70560.0,12684.973780901637,0.15465205479452054,1049.9964999999988
2022-04-26,20.219999,20.139999,0.0,-7.0,83524.81928227918,70489.99650000001,13034.822782279167,0.15449862246575347,280.0000000000065
2022-04-27,19.950001,20.139999,-1.0,-7.0,82859.67178365671,70489.99650000001,12369.675283656703,0.15449862246575347,-664.9929999999973
2022-04-28,20.219999,20.379999,0.0,-7.0,82299.51544393836,71329.99650000001,10969.518943938354,0.15633971835616442,-560.0000000000005
2022-04-29,20.299999,21.219999,0.0,-7.0,79079.3526603844,74269.99650000001,4809.356160384385,0.16278355397260275,-3220.000000000006
2022-05-03,21.040001,21.219999,1.0,7.0,79709.18287683043,74269.99650000001,5439.186376830417,0.16278355397260275,629.9930000000043
2022-05-04,21.219999,20.98,1.0,7.0,78869.02543436467,73430.0,5439.025434364667,0.16094246575342466,-839.9965000000034
2022-05-05,21.280001,20.879999,0.0,7.0,77468.85825902989,73079.99650000001,4388.861759029882,0.16017533479452056,-1400.0069999999898
2022-05-06,20.379999,20.139999,0.0,7.0,76628.70376040743,70489.99650000001,6138.70726040742,0.15449862246575347,-840.0000000000069
2022-05-10,19.459999,19.719999,0.0,7.0,77538.55248370278,69019.99650000001,8518.555983702769,0.1512767046575343,910.0000000000055
2022-05-11,19.67,19.959999,-1.0,-7.0,76523.40286590223,69859.9965,6663.406365902236,0.15311780054794522,-1014.9964999999934
2022-05-12,19.629999,19.469999,0.0,-7.0,77083.2535070058,68144.99650000001,8938.257007005785,0.14935889643835618,560.0000000000005
2022-05-13,19.67,20.0,0.0,-7.0,75928.10008234826,70000.0,5928.100082348261,0.15342465753424658,-1154.999999999994
2022-05-16,20.200001,20.059999,0.0,-7.0,76417.95319742442,70209.99650000001,6207.956697424408,0.15388492383561647,490.00699999999676
2022-05-17,20.120001,20.719999,1.0,7.0,78517.7872494869,72519.99650000001,5997.790749486885,0.1589479375342466,2099.9930000000104
2022-05-18,20.700001,20.74,0.0,7.0,78657.62464811702,72589.99999999999,6067.624648117038,0.15910136986301368,139.99649999999343
2022-05-19,20.26,20.280001,1.0,7.0,78727.4725755066,70980.00349999999,7747.469075506611,0.1555726104109589,70.00349999998967
2022-05-20,20.6,20.860001,0.0,7.0,79637.31605358112,73010.00349999999,6627.312553581127,0.16002192547945204,910.0034999999966
2022-05-23,20.799999,20.620001,0.0,7.0,79007.16487275153,72170.00349999999,6837.161372751536,0.1581808295890411,-629.9930000000043
2022-05-24,20.620001,20.32,0.0,7.0,77957.00549329948,71120.0,6837.005493299483,0.15587945205479453,-1050.0034999999937
2022-05-25,20.32,20.379999,0.0,7.0,78166.84565358114,71329.99650000001,6836.849153581134,0.15633971835616442,209.99650000000435
2022-05-26,20.48,20.299999,-1.0,-7.0,78796.69342756142,71049.9965,7746.696927561425,0.1557260197260274,630.0035000000026
2022-05-27,20.799999,20.92,1.0,7.0,79216.53644536964,73220.0,5996.536445369638,0.16048219178082193,420.0035000000071
2022-05-30,21.139999,21.32,0.0,7.0,79846.37639468472,74620.0,5226.3763946847175,0.16355068493150687,630.0035000000026
2022-05-31,21.299999,21.620001,0.0,7.0,80966.21754262225,75670.00349999999,5296.214042622261,0.16585206246575343,1120.0069999999957
2022-06-01,21.68,21.52,0.0,7.0,80406.05245769075,75320.0,5086.052457690748,0.1650849315068493,-560.0000000000005
2022-06-02,21.280001,21.34,0.0,7.0,80615.88525358117,74690.0,5925.885253581175,0.1637041095890411,209.99650000000435
2022-06-06,21.5,21.9,0.0,7.0,82015.71725358117,76649.99999999999,5365.717253581184,0.16799999999999998,1399.999999999995
2022-06-07,21.76,21.799999,0.0,7.0,82155.54652071212,76299.9965,5855.550020712122,0.16723286904109588,139.99649999999343
2022-06-08,22.040001,22.26,1.0,7.0,82925.37225906829,77910.00000000001,5015.372259068274,0.17076164383561648,769.9965000000049
2022-06-09,22.299999,22.16,0.0,7.0,82435.20576454775,77560.0,4875.205764547747,0.1699945205479452,-489.9964999999984
2022-06-10,21.84,22.120001,0.0,7.0,83415.03957686883,77420.00349999999,5995.036076868841,0.16968767890410957,980.0034999999951
2022-06-13,21.459999,21.34,0.0,7.0,82994.87937275926,74690.0,8304.879372759257,0.1637041095890411,-419.99649999999986
2022-06-14,21.139999,21.360001,1.0,7.0,83764.72251521733,74760.00349999999,9004.719015217343,0.1638575419178082,770.0070000000032
2022-06-15,21.379999,21.639999,0.0,7.0,84674.55650974555,75739.99650000001,8934.560009745546,0.16600547178082195,909.9999999999931
2022-06-16,21.82,21.16,0.0,7.0,82364.39418645788,74060.0,8304.394186457881,0.16232328767123289,-2310.0000000000005
2022-06-17,21.08,21.459999,0.0,7.0,83694.22606180803,75109.9965,8584.229561808039,0.1646246498630137,1329.9965000000054
2022-06-20,21.4,21.52,-1.0,-7.0,83274.06097687653,75320.0,7954.060976876528,0.1650849315068493,-420.00000000000347
2022-06-21,21.620001,21.879999,0.0,-7.0,82363.90013030884,76579.99650000001,5783.903630308836,0.1678465676712329,-909.9930000000107
2022-06-22,21.799999,21.34,0.0,-7.0,83973.73292619926,74690.0,9283.732926199256,0.1637041095890411,1609.9964999999993
2022-06-23,21.48,21.620001,1.0,7.0,84463.57057413679,75670.00349999999,8793.567074136794,0.16585206246575343,490.00349999999315
2022-06-24,21.780001,22.040001,1.0,7.0,85373.40150015651,77140.0035,8233.398000156507,0.16907398027397263,910.0000000000055
2022-06-27,22.299999,22.58,1.0,7.0,86353.23178371815,79030.0,7323.231783718147,0.1732164383561644,980.0034999999951
2022-06-28,22.5,22.719999,1.0,7.0,87123.05399331487,79519.99650000001,7603.05749331486,0.17429040328767126,769.9965000000049
2022-06-29,22.5,22.379999,1.0,7.0,86702.87881113077,78329.99650000001,8372.882311130757,0.17168218410958908,-420.00349999999463
2022-06-30,22.379999,22.280001,1.0,7.0,86352.71489605459,77980.00349999999,8372.711396054598,0.17091507616438356,-349.9930000000102
2022-07-04,22.200001,22.280001,1.0,7.0,86632.54398097843,77980.00349999999,8652.540480978438,0.17091507616438356,279.99999999999403
2022-07-05,22.540001,22.32,1.0,7.0,85862.36925906061,78120.0,7742.369259060608,0.1712219178082192,-770.0034999999996
2022-07-06,22.24,22.02,1.0,7.0,85092.20033851266,77070.0,8022.200338512659,0.1689205479452055,-769.999999999996
2022-07-07,21.959999,22.18,1.0,7.0,85862.03369056746,77630.0,8232.033690567463,0.17014794520547946,770.0034999999996
2022-07-08,22.48,22.219999,1.0,7.0,84951.85973578063,77769.99650000001,7181.86323578062,0.1704547868493151,-910.0034999999966
2022-07-11,22.0,21.639999,0.0,7.0,83691.69023030884,75739.99650000001,7951.693730308834,0.16600547178082195,-1260.0035000000016
2022-07-12,21.5,21.360001,0.0,7.0,83201.52987276693,74760.00349999999,8441.526372766937,0.1638575419178082,-489.9964999999984
2022-07-13,21.379999,21.34,0.0,7.0,83061.36966865734,74690.0,8371.369668657338,0.1637041095890411,-139.99650000000585
2022-07-14,21.299999,21.24,0.0,7.0,82851.21023167102,74339.99999999999,8511.210231671037,0.16293698630136985,-209.99650000000435
2022-07-15,21.040001,20.84,0.0,7.0,82151.04686317786,72940.0,9211.046863177864,0.15986849315068494,-700.0035000000012
2022-07-18,20.940001,21.360001,0.0,7.0,83620.88300563594,74760.00349999999,8860.879505635952,0.1638575419178082,1470.000000000006
2022-07-19,21.24,21.219999,0.0,7.0,83550.71672208198,74269.99650000001,9280.720222081974,0.16278355397260275,-70.00349999998967
2022-07-20,21.440001,21.440001,0.0,7.0,83550.55225084143,75040.00349999999,8510.548750841437,0.16447124054794518,0.0
2022-07-21,21.32,21.08,0.0,7.0,82710.39054125239,73780.0,8930.390541252389,0.1617095890410959,-840.0000000000069
2022-07-22,21.18,21.1,0.0,7.0,82430.2286782387,73850.00000000001,8580.22867823868,0.16186301369863018,-279.99999999999403
2022-07-25,20.959999,21.120001,-1.0,-7.0,81870.05966179266,73920.00349999999,7950.056161792672,0.16201644602739723,-560.0069999999953
2022-07-26,21.120001,21.459999,0.0,-7.0,80679.9020371428,75109.9965,5569.905537142811,0.1646246498630137,-1189.9930000000047
2022-07-27,21.26,21.200001,0.0,-7.0,80889.73590699816,74200.0035,6689.732406998155,0.16263014465753428,209.99650000000435
2022-07-28,21.280001,21.120001,1.0,7.0,80329.57389055213,73920.00349999999,6409.570390552137,0.16201644602739723,-560.0000000000005
2022-07-29,21.120001,20.68,-1.0,-7.0,81869.41874945624,72380.0,9489.418749456236,0.15864109589041098,1540.0034999999957
2022-08-01,20.540001,20.68,0.0,-7.0,81379.26360836036,72380.0,8999.263608360357,0.15864109589041098,-489.9964999999984
2022-08-02,20.42,20.200001,-1.0,-7.0,82149.10514944859,70700.0035,11449.101649448581,0.15495891178082194,769.9965000000049
2022-08-03,20.4,20.280001,0.0,-7.0,82568.94607683817,70980.00349999999,11588.942576838177,0.1555726104109589,419.99649999999986
2022-08-04,20.48,20.68,0.0,-7.0,81868.78743574228,72380.0,9488.787435742284,0.15864109589041098,-699.9999999999975
2022-08-05,20.74,20.700001,0.0,-7.0,82008.62514121406,72450.0035,9558.62164121405,0.15879452821917808,139.99649999999343
2022-08-08,20.620001,20.559999,1.0,7.0,81798.4604206738,71959.99650000001,9838.463920673792,0.15772054027397261,-210.00699999999028
2022-08-09,20.559999,20.5,0.0,7.0,81588.30666039982,71750.0,9838.306660399816,0.15726027397260275,-209.99650000000435
2022-08-10,20.48,20.139999,0.0,7.0,80398.14866177735,70489.99650000001,9908.15216177734,0.15449862246575347,-1190.003500000003
2022-08-11,20.360001,20.58,0.0,7.0,81167.98728780475,72030.0,9137.987287804746,0.15787397260273972,769.9964999999925
2022-08-12,20.58,20.719999,-1.0,-7.0,80677.8318398672,72519.99650000001,8157.83533986719,0.1589479375342466,-489.9965000000108
2022-08-15,20.58,20.58,1.0,7.0,80677.6739658946,72030.0,8647.673965894603,0.15787397260273972,0.0
2022-08-16,20.6,20.34,0.0,7.0,79767.5179330179,71190.0,8577.517933017894,0.1560328767123288,-910.0000000000055
2022-08-17,20.5,20.42,0.0,7.0,79487.36128644255,71470.0,8017.361286442552,0.15664657534246576,-279.99999999999403
2022-08-18,20.52,20.280001,-1.0,-7.0,80327.20221383215,70980.00349999999,9347.198713832156,0.1555726104109589,839.9965000000034
2022-08-19,20.200001,20.32,0.0,-7.0,79907.0498343801,71120.0,8787.049834380101,0.15587945205479453,-419.99649999999986
2022-08-22,20.16,20.280001,-1.0,-7.0,79486.8907617697,70980.00349999999,8506.887261769705,0.1555726104109589,-420.00349999999463
2022-08-23,20.18,20.040001,1.0,7.0,78996.74053025518,70140.0035,8856.737030255172,0.15373151452054795,-489.9964999999984
2022-08-24,20.08,19.799999,0.0,7.0,78016.5851398519,69299.9965,8716.588639851907,0.15189040328767123,-980.0034999999951
2022-08-25,19.959999,20.5,0.0,7.0,79906.43137957793,71750.0,8156.431379577931,0.15726027397260275,1890.0035000000007
2022-08-26,20.700001,20.700001,0.0,7.0,79906.27258504971,72450.0035,7456.269085049702,0.15879452821917808,0.0
2022-08-29,20.48,20.52,1.0,7.0,80046.11517135108,71820.0,8226.115171351077,0.157413698630137,139.99999999999702
2022-08-30,20.52,20.5,0.0,7.0,79975.9579110771,71750.0,8225.957911077101,0.15726027397260275,-69.99999999999851
2022-08-31,20.16,20.5,0.0,7.0,81165.80065080312,71750.0,9415.800650803125,0.15726027397260275,1189.9999999999995
2022-09-01,20.32,20.200001,0.0,7.0,80745.64919189135,70700.0035,10045.645691891346,0.15495891178082194,-419.99649999999986
2022-09-02,20.200001,20.040001,0.0,7.0,80185.49546037683,70140.0035,10045.491960376821,0.15373151452054795,-560.0000000000005
2022-09-05,19.84,19.799999,-1.0,-8.0,80345.3258713445,79199.996,1145.3298713444965,0.17358903232876713,160.0040000000007
2022-09-06,19.879999,19.809999,0.0,-8.0,80625.15219464093,79239.996,1385.1561946409347,0.17367670356164383,280.00000000000114
2022-09-07,19.49,19.67,0.0,-8.0,79904.97974532585,78680.0,1224.9797453258507,0.17244931506849315,-720.0000000000131
2022-09-08,19.690001,19.48,0.0,-8.0,80744.8129617642,77920.0,2824.812961764197,0.17078356164383562,840.0039999999933
2022-09-09,19.540001,20.0,0.0,-8.0,78904.64161929845,80000.0,-1095.358380701553,0.17534246575342466,-1839.9959999999992
2022-09-13,20.059999,19.969999,0.0,-8.0,79264.46653985516,79879.996,-615.5294601448404,0.17507944328767125,359.99999999999943
2022-09-14,19.549999,19.5,1.0,8.0,79064.29958095105,78000.0,1064.2995809510467,0.17095890410958905,-199.99599999999873
2022-09-15,19.5,19.559999,0.0,8.0,79304.1240960283,78239.996,1064.1280960283038,0.17148492273972604,239.99600000000498
2022-09-16,19.389999,19.4,-1.0,-8.0,79263.95001383653,77600.0,1663.9500138365256,0.17008219178082193,-40.003999999996154
2022-09-19,19.360001,19.190001,0.0,-8.0,79943.78177273186,76760.004,3183.7777727318608,0.16824110465753425,680.0000000000068
2022-09-20,19.360001,19.440001,0.0,-8.0,79623.61133984638,77760.004,1863.6073398463777,0.17043288547945207,-319.9999999999932
2022-09-21,19.299999,19.110001,0.0,-8.0,80383.43580011158,76440.004,3943.4318001115753,0.16753973479452056,759.9919999999969
2022-09-22,18.75,18.809999,1.0,8.0,80623.2668905313,75239.996,5383.270890531305,0.16490958027397262,239.99600000000498
2022-09-23,18.719999,18.58,-1.0,-8.0,81183.09999738063,74320.0,6863.099997380632,0.16289315068493151,559.9960000000124
2022-09-26,18.440001,18.5,0.0,-8.0,80942.94180559981,74000.0,6942.94180559981,0.16219178082191782,-239.99600000000498
2022-09-27,18.52,18.52,0.0,-8.0,80942.77943847653,74080.0,6862.779438476529,0.16236712328767125,-0.0
2022-09-28,18.33,17.9,0.0,-8.0,82662.62250696968,71600.0,11062.622506969681,0.15693150684931506,1719.9999999999989
2022-09-29,18.200001,17.799999,0.0,-8.0,84262.47445218393,71199.996,13062.478452183932,0.15605478575342466,1600.0080000000025
2022-09-30,17.799999,17.889999,-1.0,-8.0,83902.31760835709,71559.996,12342.321608357088,0.15684382684931508,-359.99999999999943
2022-10-03,17.700001,17.709999,0.0,-8.0,83862.17034261243,70839.996,13022.17434261243,0.15526574465753426,-39.99199999999803
2022-10-05,18.43,18.73,0.0,-8.0,82662.00613439325,74920.0,7742.006134393247,0.1642082191780822,-1200.0000000000027
2022-10-06,18.73,18.66,0.0,-8.0,82941.8425398727,74640.0,8301.842539872698,0.1635945205479452,280.00000000000114
2022-10-07,18.49,18.379999,1.0,8.0,82501.67740015544,73519.996,8981.681400155445,0.16113971726027398,-440.0039999999876
2022-10-10,18.18,17.85,0.0,8.0,81181.52090700476,71400.0,9781.520907004757,0.15649315068493153,-1319.9999999999932
2022-10-11,17.85,17.49,0.0,8.0,79741.36757001844,69960.0,9781.36757001844,0.15333698630136988,-1440.0000000000118
2022-10-12,17.4,17.35,-1.0,-9.0,79966.19644673076,78075.0,1891.1964467307553,0.1711232876712329,224.9999999999872
2022-10-13,17.35,17.059999,0.0,-9.0,81271.03268372691,76769.9955,4501.037183726905,0.16826300383561646,1305.0045000000007
2022-10-14,17.32,17.23,0.0,-9.0,81675.86274400089,77535.0,4140.862744000886,0.16993972602739726,404.9999999999994
2022-10-17,17.139999,17.24,0.0,-9.0,81225.68820564472,77580.0,3645.688205644721,0.17003835616438356,-450.004499999995
2022-10-18,17.549999,17.559999,0.0,-9.0,81180.51501113403,79019.9955,2160.519511134029,0.17319451068493152,-45.000000000007034
2022-10-19,17.459999,17.17,1.0,9.0,79875.35016318884,77265.00000000001,2610.350163188821,0.1693479452054795,-1304.9954999999916
2022-10-20,16.9,16.92,0.0,9.0,79965.18328099707,76140.00000000001,3825.183280997051,0.16688219178082195,90.00000000001407
2022-10-21,16.98,16.870001,-1.0,-9.0,80460.01239194612,75915.0045,4545.007891946123,0.1663890509589041,494.9955000000088
2022-10-24,16.6,15.82,0.0,-9.0,83969.85635906941,71190.0,12779.85635906941,0.1560328767123288,3510.000000000005
2022-10-25,15.9,15.82,0.0,-9.0,84329.7003261927,71190.0,13139.700326192702,0.1560328767123288,360.00000000000034
2022-10-26,15.75,15.97,-1.0,-9.0,83339.54281386394,71865.00000000001,11474.542813863925,0.15751232876712332,-990.0000000000028
2022-10-27,16.34,16.07,0.0,-9.0,84554.38431523381,72315.0,12239.384315233809,0.1584986301369863,1214.9999999999982
2022-10-28,15.5,14.94,0.0,-9.0,87074.23696180915,67230.0,19844.236961809147,0.14735342465753426,2520.0000000000023
2022-10-31,14.89,14.82,0.0,-9.0,87389.09079194613,66690.0,20699.09079194613,0.14616986301369864,315.00000000000125
2022-11-01,14.92,15.55,0.0,-9.0,84553.93742208312,69975.00000000001,14578.937422083109,0.15336986301369865,-2835.0000000000036
2022-11-02,15.48,15.91,0.0,-9.0,82618.78050153518,71595.0,11023.780501535177,0.1569205479452055,-1934.9999999999986
2022-11-03,15.51,15.42,1.0,10.0,82168.6115152338,77100.0,5068.6115152338025,0.168986301369863,-449.9999999999993
2022-11-04,15.54,16.23,1.0,10.0,85618.4336522201,81150.0,4468.433652220105,0.17786301369863014,3450.0000000000064
2022-11-07,16.1,16.68,0.0,10.0,88518.25085769955,83400.0,5118.250857699546,0.1827945205479452,2899.9999999999914
2022-11-08,16.73,16.67,1.0,10.0,88218.06817276803,83350.00000000001,4868.06817276802,0.18268493150684936,-299.99999999999363
2022-11-09,16.65,16.459999,1.0,10.0,87267.88278921736,82299.995,4967.887789217362,0.1803835506849315,-950.0049999999937
2022-11-10,16.25,16.200001,0.0,10.0,87017.71025495983,81000.005,6017.70525495983,0.1775342575342466,-249.9949999999984
2022-11-11,17.02,17.42,0.0,10.0,89017.51935085026,87100.00000000001,1917.5193508502416,0.19090410958904117,2000.0000000000107
2022-11-14,17.92,17.700001,0.0,10.0,87917.33037823655,88500.005,-582.67462176345,0.19397261369863014,-1099.995000000007
2022-11-15,17.780001,18.450001,0.0,10.0,91267.1281864448,92250.005,-982.8768135552091,0.20219179178082192,3350.0000000000086
2022-11-16,18.26,18.360001,0.0,10.0,91766.93198095438,91800.005,-33.07301904562337,0.20120549041095892,500.0049999999945
2022-11-17,18.139999,18.15,1.0,10.0,91816.73807684478,90750.0,1066.7380768447765,0.19890410958904112,50.00499999999519
2022-11-18,18.42,18.08,0.0,10.0,90116.53993985846,90399.99999999999,-283.46006014152954,0.19813698630136983,-1700.000000000017
2022-11-21,17.73,17.77,0.0,10.0,90316.34520013243,88850.0,1466.345200132433,0.19473972602739725,199.99999999999574
2022-11-22,17.709999,17.52,0.0,10.0,89366.15820013244,87600.0,1766.1582001324423,0.192,-949.9950000000013
2022-11-23,17.620001,17.620001,1.0,10.0,89365.96510423107,88100.00499999999,1265.9601042310824,0.193095901369863,0.0
2022-11-24,17.799999,17.780001,0.0,10.0,89265.78025490504,88900.00499999999,365.7752549050492,0.19484932602739724,-99.99000000000535
2022-11-25,17.780001,17.68,0.0,10.0,88765.5815014804,88400.0,365.5815014803957,0.19375342465753426,-500.0049999999945
2022-11-28,17.200001,17.42,1.0,10.0,89865.38559737081,87100.00000000001,2765.3855973707978,0.19090410958904117,1099.995000000007
2022-11-29,17.65,18.32,0.0,10.0,93215.18483024754,91600.0,1615.184830247541,0.20076712328767124,3350.0000000000086
