Date,OO,OO_bi_0,OO_ter_0.005,OO_ter_0.01,OC,OC_bi_0,OC_ter_0.005,OC_ter_0.01,CO,CO_bi_0,CO_ter_0.005,CO_ter_0.01,CC,CC_bi_0,CC_ter_0.005,CC_ter_0.01
2019-12-04,-0.0092939789637308,sell,sell,neutral,-0.0096295196217066,sell,sell,neutral,-0.0121218032753157,sell,sell,sell,-0.0124563861819405,sell,sell,sell
2019-12-05,0.0087881442121962,buy,buy,neutral,0.0055865235420291,buy,buy,neutral,0.0091299248330583,buy,buy,neutral,0.0059272194436599,buy,buy,neutral
2019-12-06,0.0016991858151513,buy,neutral,neutral,0.0075230243353915,buy,buy,neutral,0.0048884298468821,buy,neutral,neutral,0.0107308105028307,buy,buy,buy
2019-12-09,0.0064061570752853,buy,buy,neutral,0.0056758443448618,buy,buy,neutral,0.0005887744418233,buy,neutral,neutral,-0.0001373168233747,sell,neutral,neutral
2019-12-10,-0.0050909186806218,sell,sell,neutral,-0.0029173888500556,sell,neutral,neutral,-0.0043684246764281,sell,neutral,neutral,-0.0021933164480967,sell,neutral,neutral
2019-12-11,0.0011789537468525,buy,neutral,neutral,0.010100441705983,buy,buy,buy,-0.0010035056575835,sell,neutral,neutral,0.0078985344443731,buy,buy,neutral
2019-12-12,0.0162002330134538,buy,buy,buy,0.0221146836192311,buy,buy,buy,0.0072248700014513,buy,buy,neutral,0.013087082534968,buy,buy,buy
2019-12-13,0.0244642593984072,buy,buy,buy,0.0316648867169661,buy,buy,buy,0.0185362130091889,buy,buy,buy,0.0256951740105635,buy,buy,buy
2019-12-16,0.0013089971300377,buy,neutral,neutral,0.0004939196312559,buy,neutral,neutral,-0.0056797576602871,sell,sell,neutral,-0.006489146229088,sell,sell,neutral
2019-12-17,0.0036392166188408,buy,neutral,neutral,0.0113768706525489,buy,buy,buy,0.004456856512807,buy,neutral,neutral,0.012200814220703,buy,buy,buy
2019-12-18,0.0091753586100373,buy,buy,neutral,0.0091753586100373,buy,buy,neutral,0.0014545474951564,buy,neutral,neutral,0.0014545474951563,buy,neutral,neutral
2019-12-19,0.0008810849778058,buy,neutral,neutral,-0.0030024411776489,sell,neutral,neutral,0.0008810849778058,buy,neutral,neutral,-0.003002441177649,sell,neutral,neutral
2019-12-20,-0.0026596833503682,sell,neutral,neutral,-0.0013411438422959,sell,neutral,neutral,0.0012251779226858,buy,neutral,neutral,0.0025488534339723,buy,neutral,neutral
2019-12-23,0.0068285046476495,buy,buy,neutral,0.0025816610285805,buy,neutral,neutral,0.0054991786690675,buy,buy,neutral,0.0012579422010912,buy,neutral,neutral
2019-12-24,-0.004392900912667,sell,neutral,neutral,-0.0057238316895614,sell,sell,neutral,-0.0001756008959075,sell,neutral,neutral,-0.0015121693730481,sell,neutral,neutral
2019-12-27,0.0047363168421734,buy,neutral,neutral,0.0116090548135521,buy,buy,buy,0.0060812494970727,buy,buy,neutral,0.0129631872650259,buy,buy,buy
2019-12-30,0.007734284830861,buy,buy,neutral,0.0101924068122905,buy,buy,buy,0.0008878715336871,buy,neutral,neutral,0.0033292933598543,buy,neutral,neutral
2019-12-31,-0.0003203761882921,sell,neutral,neutral,-0.0021497145444014,sell,neutral,neutral,-0.0027529171984081,sell,neutral,neutral,-0.0045778041878328,sell,neutral,neutral
2020-01-02,0.0002811278753538,buy,neutral,neutral,0.0106966908932272,buy,buy,buy,0.0021149226447556,buy,neutral,neutral,0.0125495802995769,buy,buy,buy
2020-01-03,0.0204956872308472,buy,buy,buy,0.0071552344538667,buy,buy,neutral,0.0099791423211896,buy,buy,neutral,-0.0032238326864091,sell,neutral,neutral
2020-01-06,-0.017408530553952,sell,sell,sell,-0.0208881093107644,sell,sell,sell,-0.0043934414705727,sell,neutral,neutral,-0.0079191096031843,sell,sell,neutral
2020-01-07,0.0009242118687449,buy,neutral,neutral,-0.0001567243791149,sell,neutral,neutral,0.0044813074958297,buy,neutral,neutral,0.0033965298046769,buy,neutral,neutral
2020-01-08,-0.0124538355198459,sell,sell,sell,-0.0093380861542242,sell,sell,neutral,-0.0113861937487306,sell,sell,sell,-0.0082670759287616,sell,sell,neutral
2020-01-09,0.0131455654503747,buy,buy,buy,0.0200510122047728,buy,buy,buy,0.0099591023303987,buy,buy,neutral,0.0168428306346943,buy,buy,buy
2020-01-10,0.0104869536348104,buy,buy,buy,0.0095372307681291,buy,buy,neutral,0.0036462527572563,buy,neutral,neutral,0.0027029592363712,buy,neutral,neutral
2020-01-13,0.0037407287488233,buy,neutral,neutral,0.010109799631412,buy,buy,buy,0.0046849985521141,buy,neutral,neutral,0.0110600611426581,buy,buy,buy
2020-01-14,0.0131084150355025,buy,buy,buy,0.003919436867497,buy,neutral,neutral,0.00672043690732,buy,buy,neutral,-0.0024106017640961,sell,neutral,neutral
2020-01-15,-0.0088666606497385,sell,sell,neutral,-0.0128969304888673,sell,sell,sell,0.0002052850487031,buy,neutral,neutral,-0.003861874266018,sell,neutral,neutral
2020-01-16,-0.0029403954563166,sell,neutral,neutral,-0.000277983816907,sell,neutral,neutral,0.0011305261891771,buy,neutral,neutral,0.0038038082611291,buy,neutral,neutral
2020-01-17,0.00631952588741,buy,buy,neutral,0.0086891531631903,buy,buy,neutral,0.0036395440771495,buy,neutral,neutral,0.0060028606754234,buy,buy,neutral
2020-01-20,0.0062425136124406,buy,buy,neutral,-0.0066320180019617,sell,sell,neutral,0.0038786340179904,buy,neutral,neutral,-0.0089656525588989,sell,sell,neutral
2020-01-21,-0.0246746663065183,sell,sell,sell,-0.0405836411032134,sell,sell,sell,-0.0120339761790716,sell,sell,sell,-0.0281491390175444,sell,sell,sell
2020-01-22,-0.0117008120851707,sell,sell,sell,-0.0038082303938539,sell,neutral,neutral,0.0046870957572707,buy,neutral,neutral,0.0127105516848287,buy,buy,buy
2020-01-23,-0.0002400725552611,sell,neutral,neutral,-0.0073757707885049,sell,sell,neutral,-0.0081609238810878,sell,sell,neutral,-0.0152400877371677,sell,sell,sell
2020-01-24,-0.0062017655128558,sell,sell,neutral,-0.0056958662030078,sell,sell,neutral,0.0009423723162841,buy,neutral,neutral,0.0014519083949164,buy,neutral,neutral
2020-01-29,-0.0298503069474901,sell,sell,sell,-0.0277350068360095,sell,sell,sell,-0.0303439165418607,sell,sell,sell,-0.0282296926894743,sell,sell,sell
2020-01-30,-0.0026171830070766,sell,neutral,neutral,-0.0240727362981288,sell,sell,sell,-0.0047871304995892,sell,neutral,neutral,-0.0261960041975392,sell,sell,sell
2020-01-31,-0.0100996613214532,sell,sell,sell,-0.0265616844098617,sell,sell,sell,0.0116630870505772,buy,buy,buy,-0.0051608501135914,sell,sell,neutral
2020-02-03,-0.0212276063993478,sell,sell,sell,-0.0149725224191482,sell,sell,sell,-0.0046753775794018,sell,neutral,neutral,0.0016854874608327,buy,neutral,neutral
2020-02-04,0.0115332297219497,buy,buy,buy,0.0185711473121198,buy,buy,buy,0.0051098299237912,buy,buy,neutral,0.0121030555976706,buy,buy,buy
2020-02-05,0.0142558131133545,buy,buy,buy,0.0111386027294851,buy,buy,buy,0.007247712749546,buy,buy,neutral,0.0041520410376201,buy,neutral,neutral
2020-02-06,0.0113590139544026,buy,buy,buy,0.0232376144609631,buy,buy,buy,0.0144769038377561,buy,buy,buy,0.0263921245433129,buy,buy,buy
2020-02-07,0.0066882483230685,buy,buy,neutral,0.0084542488984867,buy,buy,neutral,-0.0049982332599784,sell,neutral,neutral,-0.0032527339005371,sell,neutral,neutral
2020-02-10,-0.0096551473021468,sell,sell,neutral,-0.004201574778414,sell,neutral,neutral,-0.0113894347838419,sell,sell,sell,-0.0059454125319489,sell,sell,neutral
2020-02-11,0.0155801441852716,buy,buy,buy,0.0181502930428202,buy,buy,buy,0.0100182354397892,buy,buy,buy,0.0125743086643217,buy,buy,buy
2020-02-12,0.0073769302497797,buy,buy,neutral,0.011245451220731,buy,buy,buy,0.0048339769313019,buy,neutral,neutral,0.0086927324729038,buy,buy,neutral
2020-02-13,0.0085300647576596,buy,buy,neutral,0.0004610598231286,buy,neutral,neutral,0.0046719315016432,buy,neutral,neutral,-0.0033662054425632,sell,neutral,neutral
2020-02-14,-0.0091254573261584,sell,sell,neutral,-0.0049385600564103,sell,neutral,neutral,-0.0011337703975838,sell,neutral,neutral,0.0030868953975837,buy,neutral,neutral
2020-02-17,0.0024604307689444,buy,neutral,neutral,0.0094242826105795,buy,buy,neutral,-0.0017575990653288,sell,neutral,neutral,0.0051769511361339,buy,buy,neutral
2020-02-18,-7.596776603224775e-06,sell,neutral,neutral,-0.008517815425902,sell,sell,neutral,-0.006906379636075,sell,sell,neutral,-0.0153578876888144,sell,sell,sell
2020-02-19,-0.0100855009633911,sell,sell,sell,-0.0039864388066555,sell,neutral,neutral,-0.0015887382761913,sell,neutral,neutral,0.0045626741429263,buy,neutral,neutral
2020-02-20,0.0102166066418494,buy,buy,buy,0.0044639875256767,buy,neutral,neutral,0.0040305725196904,buy,neutral,neutral,-0.001686820588604,sell,neutral,neutral
2020-02-21,-0.0114097732078005,sell,sell,sell,-0.0165111152986312,sell,sell,sell,-0.0057480639705034,sell,sell,neutral,-0.0108786217210236,sell,sell,sell
2020-02-24,-0.0125721505701037,sell,sell,sell,-0.0229351368473719,sell,sell,sell,-0.0074503771283177,sell,sell,neutral,-0.0178671160599426,sell,sell,sell
2020-02-25,-0.0141285388269828,sell,sell,sell,-0.0078257297427233,sell,sell,neutral,-0.0036721476409143,sell,neutral,neutral,0.0026975105610564,buy,neutral,neutral
2020-02-26,-0.0090744214384823,sell,sell,neutral,-0.0009692392790923,sell,neutral,neutral,-0.0153692981810158,sell,sell,sell,-0.0073156043712789,sell,sell,neutral
2020-02-27,0.0018606388439226,buy,neutral,neutral,0.0112809619973404,buy,buy,buy,-0.0062675022458403,sell,sell,neutral,0.0030763933958721,buy,neutral,neutral
2020-02-28,-0.0105585427597202,sell,sell,sell,-0.0150491038939669,sell,sell,sell,-0.0197754257218821,sell,sell,sell,-0.0242241562090441,sell,sell,sell
2020-03-02,-0.0065270937151843,sell,sell,neutral,0.0016236444176313,buy,neutral,neutral,-0.0019976792656648,sell,neutral,neutral,0.0061902194890857,buy,buy,neutral
2020-03-03,0.0130916450353728,buy,buy,buy,0.0079412525563972,buy,buy,neutral,0.0048475857529785,buy,neutral,neutral,-0.0002608952749132,sell,neutral,neutral
2020-03-04,-0.0036931689017081,sell,neutral,neutral,-0.0074590094550772,sell,sell,neutral,0.0013977738458241,buy,neutral,neutral,-0.0023873094529072,sell,neutral,neutral
2020-03-05,0.0010105635388764,buy,neutral,neutral,0.0169560080966775,buy,buy,buy,0.0048085388471364,buy,neutral,neutral,0.0208144826712946,buy,buy,buy
2020-03-06,0.0018832108325874,buy,neutral,neutral,-0.0076472221658029,sell,sell,neutral,-0.0138258985728648,sell,sell,sell,-0.023206898370824,sell,sell,sell
2020-03-09,-0.047873715111127,sell,sell,sell,-0.051417899366091,sell,sell,sell,-0.0387296123617558,sell,sell,sell,-0.042307834522725,sell,sell,sell
2020-03-10,0.0060340589797598,buy,buy,neutral,0.0102844765459663,buy,buy,buy,0.009792900802108,buy,buy,neutral,0.0140591991898111,buy,buy,buy
2020-03-11,0.0068924882444887,buy,buy,neutral,-0.0021383768665997,sell,neutral,neutral,0.0026563412792819,buy,neutral,neutral,-0.006336529634531,sell,sell,neutral
2020-03-12,-0.0315118714280234,sell,sell,sell,-0.0452039430785163,sell,sell,sell,-0.0227468428428378,sell,sell,sell,-0.0365628307251011,sell,sell,sell
2020-03-13,-0.0867214792050552,sell,sell,sell,-0.0253373399678266,sell,sell,sell,-0.0736247819020742,sell,sell,sell,-0.0113603750657628,sell,sell,sell
2020-03-16,0.0354580077593094,buy,buy,buy,0.0241681361802868,buy,buy,buy,-0.0297550152988455,sell,sell,sell,-0.0403338520989691,sell,sell,sell
2020-03-17,-0.0135540504806253,sell,sell,sell,-0.0023192605504828,sell,neutral,neutral,-0.0026800077367683,sell,neutral,neutral,0.0086786283969884,buy,buy,neutral
2020-03-18,0.0009381924837441,buy,neutral,neutral,-0.0308645712484124,sell,sell,sell,-0.0103332793217715,sell,sell,sell,-0.0417779150921456,sell,sell,sell
2020-03-19,-0.0348324348169104,sell,sell,sell,-0.0570815960366306,sell,sell,sell,-0.0031598789213952,sell,neutral,neutral,-0.0261391597885014,sell,sell,sell
2020-03-20,-0.0033319718560047,sell,neutral,neutral,0.0262670198948841,buy,buy,buy,0.0201854688339934,buy,buy,buy,0.050482880232477,buy,buy,buy
2020-03-23,-0.0203730555253267,sell,sell,sell,-0.0203730555253267,sell,sell,sell,-0.0486268815631392,sell,sell,sell,-0.0486268815631392,sell,sell,sell
2020-03-24,0.0369392800181556,buy,buy,buy,0.0445867229170955,buy,buy,buy,0.0369392800181556,buy,buy,buy,0.0445867229170955,buy,buy,buy
2020-03-25,0.0337076330117591,buy,buy,buy,0.0457657927644269,buy,buy,buy,0.0261398361747672,buy,buy,buy,0.0381097178686087,buy,buy,buy
2020-03-26,0.0150034945753876,buy,buy,buy,0.0041464594097636,buy,neutral,neutral,0.0033000382453114,buy,neutral,neutral,-0.0074318103198585,sell,sell,neutral
2020-03-27,0.0069299409308856,buy,buy,neutral,-0.0051070387226263,sell,sell,neutral,0.0178170716632216,buy,buy,buy,0.0056499457445293,buy,buy,neutral
2020-03-30,-0.0314518531934044,sell,sell,sell,-0.0249617360753087,sell,sell,sell,-0.0197336133522167,sell,sell,sell,-0.0131649738093576,sell,sell,sell
2020-03-31,0.0257340598599689,buy,buy,buy,0.0253088339162656,buy,buy,buy,0.0189064978792575,buy,buy,buy,0.0184841023538859,buy,buy,buy
2020-04-01,-0.0104758530070403,sell,sell,sell,-0.0223383071984981,sell,sell,sell,-0.0100654680329685,sell,sell,sell,-0.0219328419355527,sell,sell,sell
2020-04-02,-0.0225640981060391,sell,sell,sell,-0.0036737229173689,sell,neutral,neutral,-0.0107043835476437,sell,sell,sell,0.0084151979318987,buy,buy,neutral
2020-04-03,0.0102580096685318,buy,buy,buy,0.0174020402450989,buy,buy,buy,-0.0088965115751299,sell,sell,neutral,-0.0018879320260574,sell,neutral,neutral
2020-04-06,0.0210584635179691,buy,buy,buy,0.0293057430788049,buy,buy,buy,0.013888758135741,buy,buy,buy,0.022078126649591,buy,buy,buy
2020-04-07,0.0226760285359433,buy,buy,buy,0.0294776515672492,buy,buy,buy,0.0144818693522267,buy,buy,buy,0.021228994595112,buy,buy,buy
2020-04-08,0.0040787500156052,buy,neutral,neutral,-0.0050919927799461,sell,sell,neutral,-0.0025550658238686,sell,neutral,neutral,-0.0116652187316088,sell,sell,sell
2020-04-09,-0.0004133714022559,sell,neutral,neutral,0.0045061519675994,buy,neutral,neutral,0.008800497424025,buy,buy,neutral,0.0137653673818807,buy,buy,buy
2020-04-14,0.0068767569492076,buy,buy,neutral,0.0105072872300384,buy,buy,buy,0.0019456236488557,buy,neutral,neutral,0.0055583735721183,buy,buy,neutral
2020-04-15,0.0062531806574952,buy,buy,neutral,-0.0083075725478694,sell,sell,neutral,0.0026379344452948,buy,neutral,neutral,-0.0118705051784739,sell,sell,sell
2020-04-16,-0.0193637909911472,sell,sell,sell,-0.0201393056465247,sell,sell,sell,-0.0049653732677129,sell,neutral,neutral,-0.0057522745962075,sell,sell,neutral
2020-04-17,0.017996785635024,buy,buy,buy,0.0147573008113954,buy,buy,buy,0.0188024832519777,buy,buy,buy,0.0155604345251625,buy,buy,buy
2020-04-20,0.0018697680294581,buy,neutral,neutral,-0.0052257516904295,sell,sell,neutral,0.0050681110285069,buy,buy,neutral,-0.0020500602440525,sell,neutral,neutral
2020-04-21,-0.0104360630625827,sell,sell,sell,-0.0289757794287389,sell,sell,sell,-0.0033777074200226,sell,neutral,neutral,-0.0220496637625361,sell,sell,sell
2020-04-22,-0.029169640916789,sell,sell,sell,-0.0146190535336024,sell,sell,sell,-0.0106336259382261,sell,sell,sell,0.0041947750744564,buy,neutral,neutral
2020-04-23,0.0188233297015221,buy,buy,buy,0.0185544285472965,buy,buy,buy,0.0037789167361485,buy,neutral,neutral,0.0035139862998021,buy,neutral,neutral
2020-04-24,-0.0057997680548818,sell,sell,neutral,-0.0063510062071093,sell,sell,neutral,-0.0055372964751521,sell,sell,neutral,-0.0060886801557591,sell,sell,neutral
2020-04-27,0.0078051113945223,buy,buy,neutral,0.0182678989319657,buy,buy,buy,0.0083642028150148,buy,buy,neutral,0.0188327947035975,buy,buy,buy
2020-04-28,0.015416096851532,buy,buy,buy,0.022691876864988,buy,buy,buy,0.0049826118181718,buy,neutral,neutral,0.01218363258553,buy,buy,buy
2020-04-29,0.0157738826816424,buy,buy,buy,0.0099368681300078,buy,buy,neutral,0.0085473196463897,buy,buy,neutral,0.0027518316139087,buy,neutral,neutral
2020-05-04,-0.0359440593164525,sell,sell,sell,-0.0472935458039995,sell,sell,sell,-0.0303722174202565,sell,sell,sell,-0.0417872992136805,sell,sell,sell
2020-05-05,-0.0058313122389714,sell,sell,neutral,-0.0011068883734707,sell,neutral,neutral,0.0060121092455699,buy,buy,neutral,0.0107928146494047,buy,buy,buy
2020-05-06,0.004725167915623,buy,neutral,neutral,0.0160681360794425,buy,buy,buy,-2.6839587802847515e-05,sell,neutral,neutral,0.0112624802037581,buy,buy,buy
2020-05-07,0.0105912019761014,buy,buy,buy,0.0047180842959157,buy,neutral,neutral,-0.0006906239404971,sell,neutral,neutral,-0.0064981765424136,sell,sell,neutral
2020-05-08,0.0030077276210935,buy,neutral,neutral,0.0045338184132526,buy,neutral,neutral,0.0088708473464465,buy,buy,neutral,0.0104058589602302,buy,buy,buy
2020-05-11,0.0114419956405908,buy,buy,buy,0.0168931137482844,buy,buy,buy,0.0099054099248523,buy,buy,neutral,0.0153482466775545,buy,buy,buy
2020-05-12,-0.0045843426134424,sell,neutral,neutral,-0.0091744320175417,sell,sell,neutral,-0.0099203294947585,sell,sell,neutral,-0.0144858134421699,sell,sell,sell
2020-05-13,-0.0101129024601773,sell,sell,sell,-0.0072953123717053,sell,sell,neutral,-0.0055271606056104,sell,sell,neutral,-0.002696517775235,sell,neutral,neutral
2020-05-14,-0.0030524476161739,sell,neutral,neutral,-0.011692665353063,sell,sell,sell,-0.005882080212182,sell,sell,neutral,-0.0144977744506318,sell,sell,sell
2020-05-15,-0.0084611877058299,sell,sell,neutral,-0.0100091066482106,sell,sell,sell,0.0002072810310317,buy,neutral,neutral,-0.0013541705000816,sell,neutral,neutral
2020-05-18,-0.0041120655662262,sell,neutral,neutral,0.0041993366414943,buy,neutral,neutral,-0.0025549261939848,sell,neutral,neutral,0.0057694714634934,buy,buy,neutral
2020-05-19,0.0317180489871988,buy,buy,buy,0.0274453383580833,buy,buy,buy,0.0231788841449114,buy,buy,buy,0.0189415372282184,buy,buy,buy
2020-05-20,-0.0010882351768332,sell,neutral,neutral,-0.003658767092151,sell,neutral,neutral,0.0030658163875341,buy,neutral,neutral,0.0004845947171248,buy,neutral,neutral
2020-05-21,0.0026983621962626,buy,neutral,neutral,-0.0074754461175863,sell,sell,neutral,0.0052852953235206,buy,buy,neutral,-0.0049147611251112,sell,neutral,neutral
2020-05-22,-0.0314730656634287,sell,sell,sell,-0.0651789876136274,sell,sell,sell,-0.0215452433861901,sell,sell,sell,-0.0555966656946637,sell,sell,sell
2020-05-25,-0.0434067785211835,sell,sell,sell,-0.0338709839193168,sell,sell,sell,-0.0089158374383061,sell,sell,neutral,0.0009637799321171,buy,neutral,neutral
2020-05-26,0.0207976274107353,buy,buy,buy,0.0289962887899316,buy,buy,buy,0.0107222478878738,buy,buy,buy,0.0188399876203533,buy,buy,buy
2020-05-27,0.0136561833037958,buy,buy,buy,0.0044408148145029,buy,neutral,neutral,0.0055797462044846,buy,buy,neutral,-0.0035621976412488,sell,neutral,neutral
2020-05-28,-0.0131145558479942,sell,sell,sell,-0.0162610492309143,sell,sell,sell,-0.0040602513131275,sell,neutral,neutral,-0.007235612595027,sell,sell,neutral
2020-05-29,-0.0183412423109655,sell,sell,sell,-0.0105693083639458,sell,sell,sell,-0.0152014024348079,sell,sell,sell,-0.0074046099227007,sell,sell,neutral
2020-06-01,0.0333083331790113,buy,buy,buy,0.0417631178793284,buy,buy,buy,0.0251917423149326,buy,buy,buy,0.0335801150585735,buy,buy,buy
2020-06-02,0.0107192455897289,buy,buy,buy,0.0193726014181035,buy,buy,buy,0.0025164080470412,buy,neutral,neutral,0.0110995346081201,buy,buy,buy
2020-06-03,0.0214910536991488,buy,buy,buy,0.0224181876526017,buy,buy,buy,0.0128197145334077,buy,buy,buy,0.0137389781360306,buy,buy,buy
2020-06-04,0.0140012117244587,buy,buy,buy,0.0025815243924441,buy,neutral,neutral,0.0130817103270993,buy,buy,buy,0.0016723784249774,buy,neutral,neutral
2020-06-05,-0.0103742013367628,sell,sell,sell,0.0051359817829728,buy,buy,neutral,0.0008979166122268,buy,neutral,neutral,0.0165847651076753,buy,buy,buy
2020-06-08,0.02582690064699,buy,buy,buy,0.0159335320933841,buy,buy,buy,0.0099974374036562,buy,buy,neutral,0.0002567327290863,buy,neutral,neutral
2020-06-09,-0.0044784070751415,sell,neutral,neutral,0.0015656664149213,buy,neutral,neutral,0.0052161858394006,buy,buy,neutral,0.0113191177534777,buy,buy,buy
2020-06-10,0.010961994065658,buy,buy,buy,0.0057705230375104,buy,buy,neutral,0.0048612172592153,buy,neutral,neutral,-0.0002989251866255,sell,neutral,neutral
2020-06-11,-0.0071960460027539,sell,sell,neutral,-0.0277563879850101,sell,sell,sell,-0.0020715043247564,sell,neutral,neutral,-0.0227379723241158,sell,sell,sell
2020-06-12,-0.0430893481889919,sell,sell,sell,-0.0278607667193743,sell,sell,sell,-0.0228532571470332,sell,sell,sell,-0.0073026320670996,sell,sell,neutral
2020-06-15,0.0029548317120093,buy,neutral,neutral,-0.0060094397193591,sell,sell,neutral,-0.0127564767530651,sell,sell,sell,-0.0215803226845311,sell,sell,sell
2020-06-16,0.0136202886013669,buy,buy,buy,0.0147014874401101,buy,buy,buy,0.0227615900970264,buy,buy,buy,0.0238525396922144,buy,buy,buy
2020-06-17,0.0018603484906665,buy,neutral,neutral,0.0067134943654242,buy,buy,neutral,0.0007928323208581,buy,neutral,neutral,0.0056408070041384,buy,buy,neutral
2020-06-18,0.0009407525507341,buy,neutral,neutral,0.0041680909561412,buy,neutral,neutral,-0.0038845641965898,sell,neutral,neutral,-0.0006727840847352,sell,neutral,neutral
2020-06-19,-0.000531083693456,sell,neutral,neutral,0.0105624865897563,buy,buy,buy,-0.0037433192222064,sell,neutral,neutral,0.0073145969650925,buy,buy,neutral
2020-06-22,0.006366374018764,buy,buy,neutral,0.0056611182162901,buy,buy,neutral,-0.0046811329379936,sell,neutral,neutral,-0.0053786467107402,sell,sell,neutral
2020-06-23,0.0005263322596207,buy,neutral,neutral,0.0154436714199273,buy,buy,buy,0.0012279871099202,buy,neutral,neutral,0.0161557875874733,buy,buy,buy
2020-06-24,0.0201059798648921,buy,buy,buy,0.0097851075711625,buy,buy,neutral,0.0051201492280999,buy,buy,neutral,-0.0050491046580615,sell,sell,neutral
2020-06-26,-0.013456777823868,sell,sell,sell,-0.019368142230996,sell,sell,sell,-0.003373457588719,sell,neutral,neutral,-0.0093452412243247,sell,sell,neutral
2020-06-29,-0.0028479998127377,sell,neutral,neutral,-0.0160620894642353,sell,sell,sell,0.0031629499598037,buy,neutral,neutral,-0.0101307957814074,sell,sell,sell
2020-06-30,-0.0064724182495659,sell,sell,neutral,-0.0081392763085684,sell,sell,neutral,0.00687045877134,buy,buy,neutral,0.0051812151414676,buy,buy,neutral
2020-07-02,0.0038960741439457,buy,neutral,neutral,0.0268081894107148,buy,buy,buy,0.0055831580475809,buy,buy,neutral,0.0285337779582675,buy,buy,buy
2020-07-03,0.0307654373839307,buy,buy,buy,0.0329572947998131,buy,buy,buy,0.0077650204044984,buy,buy,neutral,0.0099079688904764,buy,buy,neutral
2020-07-06,0.0089362640607597,buy,buy,neutral,0.0402808013378515,buy,buy,buy,0.0067953774590896,buy,buy,neutral,0.0380734039938459,buy,buy,buy
2020-07-07,0.0401456008861624,buy,buy,buy,0.016837424831696,buy,buy,buy,0.0088051373126249,buy,buy,neutral,-0.0138007437535454,sell,sell,sell
2020-07-08,-0.0185340867468324,sell,sell,sell,-0.0166308779818401,sell,sell,sell,0.0039632955671091,buy,neutral,neutral,0.0059101301112864,buy,buy,neutral
2020-07-09,0.0104500006291075,buy,buy,buy,0.0050443940226394,buy,buy,neutral,0.008494379637229,buy,buy,neutral,0.0030992350207128,buy,neutral,neutral
2020-07-10,-0.0159139873251703,sell,sell,sell,-0.0236695990943818,sell,sell,sell,-0.0106211048584004,sell,sell,sell,-0.0184184299951667,sell,sell,sell
2020-07-13,-0.0031998774428486,sell,neutral,neutral,-0.00615693024463,sell,sell,neutral,0.004718338311659,buy,neutral,neutral,0.001737795763486,buy,neutral,neutral
2020-07-14,-0.0071817886860986,sell,sell,neutral,-0.0143492210485465,sell,sell,sell,-0.0042277852193864,sell,neutral,neutral,-0.0114165433591063,sell,sell,sell
2020-07-15,0.0087915572069581,buy,buy,neutral,-0.0070755151360725,sell,sell,neutral,0.0161272641413971,buy,buy,buy,0.000144809991506,buy,neutral,neutral
2020-07-16,-0.0131091119576643,sell,sell,sell,-0.0354628479474434,sell,sell,sell,0.0026615426630557,buy,neutral,neutral,-0.0200494091588371,sell,sell,sell
2020-07-17,-0.0159432251842382,sell,sell,sell,-0.0180133569365046,sell,sell,sell,0.0068628899523058,buy,buy,neutral,0.0047447816357819,buy,neutral,neutral
2020-07-20,-0.0048707597880326,sell,neutral,neutral,-0.0033438115520905,sell,neutral,neutral,-0.0027729220502963,sell,neutral,neutral,-0.0012427548458993,sell,neutral,neutral
2020-07-21,0.0162856697893487,buy,buy,buy,0.0246231177354316,buy,buy,buy,0.014728647790504,buy,buy,buy,0.0230533221727631,buy,buy,buy
2020-07-22,0.0058280214046688,buy,buy,neutral,-0.014516860612713,sell,sell,sell,-0.0023564891983197,sell,neutral,neutral,-0.0225358231308957,sell,sell,sell
2020-07-23,-0.0132686722270554,sell,sell,sell,-0.0122090693150604,sell,sell,sell,0.0071019781108859,buy,buy,neutral,0.0081834560762108,buy,buy,neutral
2020-07-24,-0.0077326595040965,sell,sell,neutral,-0.0210244256906761,sell,sell,sell,-0.0087970642589953,sell,sell,neutral,-0.0220745723736294,sell,sell,sell
2020-07-27,-0.0052234368824765,sell,sell,neutral,-0.0174715146063812,sell,sell,sell,0.0082828627963237,buy,buy,neutral,-0.0041315097664036,sell,neutral,neutral
2020-07-28,0.0013159112114726,buy,neutral,neutral,-0.0055078838629752,sell,sell,neutral,0.0137981906456278,buy,buy,buy,0.0068893309916933,buy,buy,neutral
2020-07-29,-0.0093105435316184,sell,sell,neutral,-0.0023894571652902,sell,neutral,neutral,-0.002512840740755,sell,neutral,neutral,0.0044557352680651,buy,neutral,neutral
2020-07-30,0.0108751487241203,buy,buy,buy,3.24065046652325e-06,buy,neutral,neutral,0.0038620369841276,buy,neutral,neutral,-0.006934445448443,sell,sell,neutral
2020-07-31,-0.0092857576811243,sell,sell,neutral,-0.0153683867642904,sell,sell,sell,0.0014851615838414,buy,neutral,neutral,-0.0046635970692601,sell,neutral,neutral
2020-08-03,-0.0072928600449607,sell,sell,neutral,-0.0116844395519332,sell,sell,sell,-0.0011603438435826,sell,neutral,neutral,-0.0055790526330918,sell,sell,neutral
2020-08-04,0.0039805355405584,buy,neutral,neutral,0.015460709145588,buy,buy,buy,0.008441722353483,buy,buy,neutral,0.0199729081019597,buy,buy,buy
2020-08-05,0.0147900643595424,buy,buy,buy,0.0177557900821767,buy,buy,buy,0.0033174726515784,buy,neutral,neutral,0.006249669705054,buy,buy,neutral
2020-08-06,0.0068738720291956,buy,buy,neutral,-0.0039477807652378,sell,neutral,neutral,0.0039398560591324,buy,neutral,neutral,-0.0068502625948259,sell,sell,neutral
2020-08-07,-0.0115894297642503,sell,sell,sell,-0.0265786529275787,sell,sell,sell,-0.0008507999987778,sell,neutral,neutral,-0.016002874231156,sell,sell,sell
2020-08-10,-0.0213794586735021,sell,sell,sell,-0.0213549949869044,sell,sell,sell,-0.0063101757465592,sell,sell,neutral,-0.0062853353560204,sell,sell,neutral
2020-08-11,0.0117004082707925,buy,buy,buy,0.021079836025066,buy,buy,buy,0.0116751182814789,buy,buy,buy,0.0210543115734296,buy,buy,buy
2020-08-12,0.0083769146724421,buy,buy,neutral,0.0235982299466443,buy,buy,buy,-0.0008858266789746,sell,neutral,neutral,0.014195668747746,buy,buy,buy
2020-08-13,0.0249868468991627,buy,buy,buy,0.0145580617021993,buy,buy,buy,0.0097448823352189,buy,buy,neutral,-0.0005288226527663,sell,neutral,neutral
2020-08-14,-0.0163817180284256,sell,sell,sell,-0.0120443126867209,sell,sell,sell,-0.0062709671845781,sell,sell,neutral,-0.0018889770425271,sell,neutral,neutral
2020-08-17,0.0055770410343649,buy,buy,neutral,0.0109638520992367,buy,buy,buy,0.001162272957935,buy,neutral,neutral,0.0065254343962217,buy,buy,neutral
2020-08-18,0.0102605323066551,buy,buy,buy,0.0061518262856632,buy,buy,neutral,0.0048774688048964,buy,neutral,neutral,0.0007906555776084,buy,neutral,neutral
2020-08-19,-0.004394862196448,sell,neutral,neutral,-0.0114664081820473,sell,sell,sell,-0.0003292244692622,sell,neutral,neutral,-0.0074296477105695,sell,sell,neutral
2020-08-20,-0.0119752094587241,sell,sell,sell,-0.0223840851804587,sell,sell,sell,-0.0049073032195688,sell,neutral,neutral,-0.015390639580713,sell,sell,sell
2020-08-21,-0.0019244892109571,sell,neutral,neutral,0.0023344409591919,buy,neutral,neutral,0.0087022239953512,buy,buy,neutral,0.0130064998622883,buy,buy,buy
2020-08-24,0.0138223855055092,buy,buy,buy,0.0217717586960156,buy,buy,buy,0.009514642931414,buy,buy,neutral,0.0174302391469594,buy,buy,buy
2020-08-25,0.0092376886542007,buy,buy,neutral,0.0052629965206614,buy,buy,neutral,0.0013858303925523,buy,neutral,neutral,-0.0025579386793365,sell,neutral,neutral
2020-08-26,-0.0026021066766794,sell,neutral,neutral,-0.003720686606864,sell,neutral,neutral,0.0013414877601216,buy,neutral,neutral,0.0002184850959214,buy,neutral,neutral
2020-08-27,-0.0019843186175281,sell,neutral,neutral,-0.009375231987265,sell,sell,neutral,-0.0008637891674065,sell,neutral,neutral,-0.0082630007395151,sell,sell,neutral
2020-08-28,-0.0054574502462401,sell,sell,neutral,-0.0018731612124115,sell,neutral,neutral,0.0019626931471995,buy,neutral,neutral,0.005573724062108,buy,buy,neutral
2020-08-31,0.0158590011499415,buy,buy,buy,-0.0060684595393109,sell,sell,neutral,0.0122110356447152,buy,buy,buy,-0.009637683191464,sell,sell,neutral
2020-09-01,-0.0251363279110833,sell,sell,sell,-0.0212820687003867,sell,sell,sell,-0.0036295299306086,sell,neutral,neutral,0.0003097593992544,buy,neutral,neutral
2020-09-02,0.0061465152656954,buy,buy,neutral,0.0013720949841959,buy,neutral,neutral,0.0021842403857167,buy,neutral,neutral,-0.0025713778970073,sell,neutral,neutral
2020-09-03,-0.0084338481234109,sell,sell,neutral,-0.0092021022056506,sell,sell,neutral,-0.0037061813852613,sell,neutral,neutral,-0.0044780984094684,sell,neutral,neutral
2020-09-04,-0.014312126618926,sell,sell,sell,-0.0132473386739737,sell,sell,sell,-0.0135478347949072,sell,sell,sell,-0.0124822212247823,sell,sell,sell
2020-09-07,-0.001936910124805,sell,neutral,neutral,-0.0032085220245144,sell,neutral,neutral,-0.0030139029600437,sell,neutral,neutral,-0.0042841426850689,sell,neutral,neutral
2020-09-08,0.0066707324677006,buy,buy,neutral,0.0001348568240964,buy,neutral,neutral,0.0079549473820326,buy,buy,neutral,0.0014107338890114,buy,neutral,neutral
2020-09-09,-0.019763353234222,sell,sell,sell,-0.0127628308565771,sell,sell,sell,-0.013357512281024,sell,sell,sell,-0.0063112415291589,sell,sell,neutral
2020-09-10,0.0119166300554172,buy,buy,buy,0.0007457842129613,buy,neutral,neutral,0.0047411050301993,buy,neutral,neutral,-0.0063505280772203,sell,sell,neutral
2020-09-11,-0.0094492237490734,sell,sell,neutral,-0.0033202809551611,sell,neutral,neutral,0.001607820102804,buy,neutral,neutral,0.0078051773494256,buy,buy,neutral
2020-09-14,0.0088860394077994,buy,buy,neutral,0.0118118013269709,buy,buy,buy,0.0026820355508403,buy,neutral,neutral,0.0055898059055317,buy,buy,neutral
2020-09-15,0.0021417652734327,buy,neutral,neutral,0.0066641000249377,buy,buy,neutral,-0.0007560347034038,sell,neutral,neutral,0.0037532232340291,buy,neutral,neutral
2020-09-16,0.0082167744105421,buy,buy,neutral,0.0042231315569971,buy,neutral,neutral,0.0036874644293337,buy,neutral,neutral,-0.0002882373951615,sell,neutral,neutral
2020-09-17,-0.0059438854911789,sell,sell,neutral,-0.019461492440362,sell,sell,sell,-0.0019906753200732,sell,neutral,neutral,-0.01556203973878,sell,sell,sell
2020-09-18,-0.0119660556379677,sell,sell,sell,-0.0089559218136121,sell,sell,neutral,0.0016548826621271,buy,neutral,neutral,0.0047065138938648,buy,neutral,neutral
2020-09-21,0.0042155262390333,buy,neutral,neutral,-0.0176546940637286,sell,sell,sell,0.0011653863017593,buy,neutral,neutral,-0.0206384067942532,sell,sell,sell
2020-09-22,-0.0263128001313363,sell,sell,sell,-0.0313291685020822,sell,sell,sell,-0.0046353375950734,sell,neutral,neutral,-0.0097633867370565,sell,sell,neutral
2020-09-23,-0.0058117743116429,sell,sell,neutral,-0.0040755663383093,sell,neutral,neutral,-0.00066326131038,sell,neutral,neutral,0.0010819378067759,buy,neutral,neutral
2020-09-24,-0.0068895085304269,sell,sell,neutral,-0.0164569793439177,sell,sell,sell,-0.0086208109218655,sell,sell,neutral,-0.0181716026394836,sell,sell,sell
2020-09-25,-0.0047616996873964,sell,neutral,neutral,-0.0128478349638119,sell,sell,sell,0.0049195376257994,buy,neutral,neutral,-0.0032452559925759,sell,neutral,neutral
2020-09-28,-0.0060471983287621,sell,sell,neutral,0.0021472431512331,buy,neutral,neutral,0.0020946435243539,buy,neutral,neutral,0.0103562087616269,buy,buy,buy
2020-09-29,0.0129066471254262,buy,buy,buy,-0.0003676564955918,sell,neutral,neutral,0.0046242272502112,buy,neutral,neutral,-0.0085415339336015,sell,sell,neutral
2020-09-30,-0.0015144940258311,sell,neutral,neutral,-0.0053237512546251,sell,sell,neutral,0.0117445805265404,buy,buy,buy,0.0078847394632455,buy,buy,neutral
2020-10-05,0.0208290066742793,buy,buy,buy,0.009295073613473,buy,buy,neutral,0.0247384196897619,buy,buy,buy,0.0131603157563287,buy,buy,buy
2020-10-06,-0.0059976431910906,sell,sell,neutral,-0.0024434993087517,sell,neutral,neutral,0.0053615291118827,buy,buy,neutral,0.0089562887256358,buy,buy,neutral
2020-10-07,0.0043765307313474,buy,neutral,neutral,0.0145488750197395,buy,buy,buy,0.0007980881070048,buy,neutral,neutral,0.0109341898615689,buy,buy,buy
2020-10-08,0.0109809721634923,buy,buy,buy,0.0080650936710706,buy,buy,neutral,0.0008444013475617,buy,neutral,neutral,-0.0020422411753976,sell,neutral,neutral
2020-10-09,0.0033169589042749,buy,neutral,neutral,-0.005943092654046,sell,sell,neutral,0.006219103180392,buy,buy,neutral,-0.0030677335382794,sell,neutral,neutral
2020-10-12,-0.0051988798808346,sell,sell,neutral,0.0125645547576061,buy,buy,buy,0.0040681043275181,buy,neutral,neutral,0.0219970127123705,buy,buy,buy
2020-10-14,0.0244288517224293,buy,buy,buy,0.0185751827209943,buy,buy,buy,0.0064572815506286,buy,buy,neutral,0.0007063035492029,buy,neutral,neutral
2020-10-15,-0.0110887692781628,sell,sell,sell,-0.0262128457028194,sell,sell,sell,-0.0054055766040753,sell,sell,neutral,-0.0206165698698687,sell,sell,sell
2020-10-16,-0.013831552198502,sell,sell,sell,-0.0059901538696693,sell,sell,neutral,0.0014848204875799,buy,neutral,neutral,0.0094480050887804,buy,buy,neutral
2020-10-19,0.0153349277314023,buy,buy,buy,0.0143772717387425,buy,buy,buy,0.0073253032427585,buy,buy,neutral,0.0063752018655081,buy,buy,neutral
2020-10-20,0.0002528324388788,buy,neutral,neutral,0.0001672828463526,buy,neutral,neutral,0.0011971537933174,buy,neutral,neutral,0.0011115234349041,buy,neutral,neutral
2020-10-21,0.00504233475456,buy,buy,neutral,0.0074386281186708,buy,buy,neutral,0.0051283013360356,buy,buy,neutral,0.0075247996677796,buy,buy,neutral
2020-10-22,3.1239827284146315e-05,buy,neutral,neutral,0.0036683466048555,buy,neutral,neutral,-0.0023474343241891,sell,neutral,neutral,0.001281021231767,buy,neutral,neutral
2020-10-23,0.0031101242270261,buy,neutral,neutral,0.0090081775404363,buy,buy,neutral,-0.0005249596568267,sell,neutral,neutral,0.0053517202121051,buy,buy,neutral
2020-10-27,0.0026985524963778,buy,neutral,neutral,0.0005679669330345,buy,neutral,neutral,-0.0031626185541072,sell,neutral,neutral,-0.0052807499991182,sell,sell,neutral
2020-10-28,-0.0026743848219048,sell,neutral,neutral,-0.0052805988961371,sell,sell,neutral,-0.0005507034450523,sell,neutral,neutral,-0.003162467129371,sell,neutral,neutral
2020-10-29,-0.0195179742246405,sell,sell,sell,-0.0075459324827744,sell,sell,neutral,-0.0169490627785867,sell,sell,sell,-0.004945653694684,sell,neutral,neutral
2020-10-30,0.0101231175850733,buy,buy,buy,-0.007517075765379,sell,sell,neutral,-0.0020620671241853,sell,neutral,neutral,-0.0194894656078137,sell,sell,sell
2020-11-02,-0.0106403395980427,sell,sell,sell,-0.0030930442246577,sell,neutral,neutral,0.0069443414845938,buy,buy,neutral,0.0146257809791607,buy,buy,buy
2020-11-03,0.0170847938961982,buy,buy,buy,0.0273905270803179,buy,buy,buy,0.0093847379232284,buy,buy,neutral,0.0196124493702851,buy,buy,buy
2020-11-04,0.0040680940000656,buy,neutral,neutral,0.0079620727858552,buy,buy,neutral,-0.0060036923389214,sell,sell,neutral,-0.002148773974007,sell,neutral,neutral
2020-11-05,0.0286772955324727,buy,buy,buy,0.0365437644967728,buy,buy,buy,0.0247032892931746,buy,buy,buy,0.0325393683607782,buy,buy,buy
2020-11-06,0.0097984400985688,buy,buy,neutral,0.0083158030664653,buy,buy,neutral,0.0021349449705164,buy,neutral,neutral,0.0006635598687201,buy,neutral,neutral
2020-11-09,0.0158049676742944,buy,buy,buy,0.0103061201348654,buy,buy,buy,0.0172986168444139,buy,buy,buy,0.0117916837478895,buy,buy,buy
2020-11-10,0.0120908447821654,buy,buy,buy,0.0054940057992449,buy,buy,neutral,0.0175994061385651,buy,buy,buy,0.0109666621847785,buy,buy,buy
2020-11-11,-0.0093388953860164,sell,sell,neutral,-0.0093321080763967,sell,sell,neutral,-0.0028393720113485,sell,neutral,neutral,-0.002832540171589,sell,neutral,neutral
2020-11-12,0.0069600201725901,buy,buy,neutral,-0.0021893605077463,sell,neutral,neutral,0.0069531212415887,buy,buy,neutral,-0.0021961967540881,sell,neutral,neutral
2020-11-13,-0.0111604544497825,sell,sell,sell,-0.0095602718675965,sell,sell,neutral,-0.0020933338199468,sell,neutral,neutral,-0.0004784784341015,sell,neutral,neutral
2020-11-16,0.0094763353383431,buy,buy,neutral,0.0102268584046803,buy,buy,buy,0.0078453966723594,buy,buy,neutral,0.008594707172294,buy,buy,neutral
2020-11-17,0.0058045339169527,buy,buy,neutral,0.0020112051375896,buy,neutral,neutral,0.0050572963072504,buy,buy,neutral,0.0012667856877131,buy,neutral,neutral
2020-11-18,-0.0030491923599518,sell,neutral,neutral,0.0011012302399149,buy,neutral,neutral,0.0007249791970528,buy,neutral,neutral,0.004891114113722,buy,neutral,neutral
2020-11-19,0.000997537299775,buy,neutral,neutral,-0.0029230850050881,sell,neutral,neutral,-0.0031524554039843,sell,neutral,neutral,-0.0070568233691981,sell,sell,neutral
2020-11-20,-0.0020309522586344,sell,neutral,neutral,-0.0003427854729819,sell,neutral,neutral,0.0018931780158667,buy,neutral,neutral,0.0035879828695104,buy,neutral,neutral
2020-11-23,0.009577807975952,buy,buy,neutral,0.0030041455388952,buy,neutral,neutral,0.0078728878311369,buy,buy,neutral,0.0013103266380116,buy,neutral,neutral
2020-11-24,-0.0011046305985752,sell,neutral,neutral,-0.0026853117097876,sell,neutral,neutral,0.0054421030291866,buy,buy,neutral,0.0038510621761007,buy,neutral,neutral
2020-11-25,0.0071204909461379,buy,buy,neutral,0.0014798968575404,buy,neutral,neutral,0.0087167136383783,buy,buy,neutral,0.0030671795625967,buy,neutral,neutral
2020-11-26,-0.0046499298709129,sell,neutral,neutral,-1.9079772382684888e-05,sell,neutral,neutral,0.0009561394463765,buy,neutral,neutral,0.0056130716917106,buy,buy,neutral
2020-11-27,0.0023689695498263,buy,neutral,neutral,0.0074706057257377,buy,buy,neutral,-0.0022729394581445,sell,neutral,neutral,0.0028050713546123,buy,neutral,neutral
2020-11-30,0.0035465525070277,buy,neutral,neutral,-0.0155838388618916,sell,sell,sell,-0.0015352130227894,sell,neutral,neutral,-0.0205687317920394,sell,sell,sell
2020-12-01,-0.0160381865185785,sell,sell,sell,-0.0106396596798472,sell,sell,sell,0.0030833754052004,buy,neutral,neutral,0.0085868130888748,buy,buy,neutral
2020-12-02,0.0093634678027632,buy,buy,neutral,0.0041581327852726,buy,neutral,neutral,0.0038557922381606,buy,neutral,neutral,-0.0013211394366333,sell,neutral,neutral
2020-12-03,-0.0017509940058297,sell,neutral,neutral,0.0021889988217589,buy,neutral,neutral,0.0034237093973719,buy,neutral,neutral,0.0073841262816549,buy,buy,neutral
2020-12-04,0.0070678343513783,buy,buy,neutral,0.0079816943361735,buy,buy,neutral,0.0031086609330864,buy,neutral,neutral,0.0040189281805937,buy,neutral,neutral
2020-12-07,0.0022001766668362,buy,neutral,neutral,-0.0113659889678656,sell,sell,sell,0.0012915583423599,buy,neutral,neutral,-0.0122623078865189,sell,sell,sell
2020-12-08,-0.0152669003630466,sell,sell,sell,-0.021064656200362,sell,sell,sell,-0.0017542635464138,sell,neutral,neutral,-0.00763157695015,sell,sell,neutral
2020-12-09,0.0018922770575282,buy,neutral,neutral,0.0016058077463929,buy,neutral,neutral,0.0078259955962068,buy,buy,neutral,0.0075378296672801,buy,buy,neutral
2020-12-10,-0.0066072192279936,sell,sell,neutral,-0.0037656920719926,sell,neutral,neutral,-0.0063230989249825,sell,sell,neutral,-0.0034807590637029,sell,neutral,neutral
2020-12-11,0.011351745702741,buy,buy,buy,0.0064783630964101,buy,buy,neutral,0.0084670995639621,buy,buy,neutral,0.0036076171504948,buy,neutral,neutral
2020-12-14,-0.0042092978984089,sell,neutral,neutral,-0.009187109271763,sell,sell,neutral,0.0006123349007682,buy,neutral,neutral,-0.0043895791063374,sell,neutral,neutral
2020-12-15,-0.0038899605760673,sell,neutral,neutral,-0.0118697445342419,sell,sell,sell,0.0011144634981009,buy,neutral,neutral,-0.0069054106322097,sell,sell,neutral
2020-12-16,8.634906966276112e-05,buy,neutral,neutral,0.0015655204616244,buy,neutral,neutral,0.0081626861324661,buy,buy,neutral,0.0096538027797012,buy,buy,neutral
2020-12-17,0.0070862957821233,buy,buy,neutral,0.0097334646198973,buy,buy,neutral,0.005598970981574,buy,buy,neutral,0.0082422303233293,buy,buy,neutral
2020-12-18,0.0015803550345023,buy,neutral,neutral,-0.0041280077301602,sell,neutral,neutral,-0.0010454391946428,sell,neutral,neutral,-0.0067388366238434,sell,sell,neutral
2020-12-21,-0.0085503527982416,sell,sell,neutral,-0.0129007212944825,sell,sell,sell,-0.0028673390243278,sell,neutral,neutral,-0.0072426439398367,sell,sell,neutral
2020-12-22,-0.006125049257557,sell,sell,neutral,-0.011481418212571,sell,sell,sell,-0.0017448188509631,sell,neutral,neutral,-0.0071247945284809,sell,sell,neutral
2020-12-23,-0.0067655997511141,sell,sell,neutral,0.0031347246617999,buy,neutral,neutral,-0.0013836777472553,sell,neutral,neutral,0.0085702923849269,buy,buy,neutral
2020-12-24,0.0099589263645833,buy,buy,neutral,0.0116340106354747,buy,buy,buy,-8.7487331945547e-06,sell,neutral,neutral,0.0016498034834342,buy,neutral,neutral
2020-12-28,-0.002068871075093,sell,neutral,neutral,-0.0010719516199718,sell,neutral,neutral,-0.0037212658343843,sell,neutral,neutral,-0.0027259970988723,sell,neutral,neutral
2020-12-29,0.0076870526674366,buy,buy,neutral,0.0106557045152379,buy,buy,buy,0.0066813918201843,buy,buy,neutral,0.0096470809853508,buy,buy,neutral
2020-12-30,0.0077258091986276,buy,buy,neutral,0.0247885625052071,buy,buy,buy,0.0047657634855433,buy,neutral,neutral,0.0217783974746283,buy,buy,buy
2020-12-31,0.0187180236080226,buy,buy,buy,0.0200793889564275,buy,buy,buy,0.0017563449147152,buy,neutral,neutral,0.0030950434985308,buy,neutral,neutral
2021-01-04,-0.0039587805912955,sell,neutral,neutral,0.0102233366743916,buy,buy,buy,-0.0052880653669373,sell,sell,neutral,0.0088751248983403,buy,buy,neutral
2021-01-05,0.0071697879477621,buy,buy,neutral,0.0207747553089491,buy,buy,buy,-0.0069694617810691,sell,sell,neutral,0.0064445109401134,buy,buy,neutral
2021-01-06,0.0121694902780244,buy,buy,buy,0.0150638106432352,buy,buy,buy,-0.0013207854244285,sell,neutral,neutral,0.0015349592080882,buy,neutral,neutral
2021-01-07,0.003715581308004,buy,neutral,neutral,-0.0023474274704467,sell,neutral,neutral,0.0008536189196314,buy,neutral,neutral,-0.0051921019902164,sell,sell,neutral
2021-01-08,-0.0030996660385731,sell,neutral,neutral,0.0058551596374519,buy,buy,neutral,0.002958771179429,buy,neutral,neutral,0.0119680177913372,buy,buy,buy
2021-01-11,0.0135342300168062,buy,buy,buy,0.0100684441287025,buy,buy,buy,0.004511039888959,buy,neutral,neutral,0.0010761088492508,buy,neutral,neutral
2021-01-12,-0.0039169933850085,sell,neutral,neutral,0.009740384284098,buy,buy,neutral,-0.0004991948706869,sell,neutral,neutral,0.0132050445205822,buy,buy,buy
2021-01-13,0.0148787176138485,buy,buy,buy,0.0122358575302012,buy,buy,buy,0.0011518407348793,buy,neutral,neutral,-0.0014552729937139,sell,neutral,neutral
2021-01-14,0.0034899752814403,buy,neutral,neutral,0.0066246402396737,buy,buy,neutral,0.006110000624627,buy,buy,neutral,0.0092528499213544,buy,buy,neutral
2021-01-15,-0.0004840165563912,sell,neutral,neutral,0.005834255818013,buy,buy,neutral,-0.0035965449043452,sell,neutral,neutral,0.0027020521450005,buy,neutral,neutral
2021-01-18,0.0021208677969477,buy,neutral,neutral,0.0164962422058125,buy,buy,buy,-0.00417407847098,sell,neutral,neutral,0.0101109952442326,buy,buy,buy
2021-01-19,0.0226880823680823,buy,buy,buy,0.0417398198198198,buy,buy,buy,0.0082251424406089,buy,buy,neutral,0.0270074486365909,buy,buy,buy
2021-01-20,0.0238569134214274,buy,buy,buy,0.0296321562233145,buy,buy,buy,0.0051322254220524,buy,buy,neutral,0.0108018483681096,buy,buy,buy
2021-01-21,0.0052818344044978,buy,buy,neutral,0.004475658644547,buy,neutral,neutral,-0.0003568265900343,sell,neutral,neutral,-0.001158480481931,sell,neutral,neutral
2021-01-22,-0.0047592774610178,sell,neutral,neutral,-0.0168246995447304,sell,sell,sell,-0.0039605135099735,sell,neutral,neutral,-0.016035619104415,sell,sell,sell
2021-01-25,-0.0044257998420423,sell,neutral,neutral,0.0117339257463115,buy,buy,buy,0.0077917802120923,buy,buy,neutral,0.0241498162237148,buy,buy,buy
2021-01-26,0.0072630873580383,buy,buy,neutral,-0.0096383770792834,sell,sell,neutral,-0.0088252286238312,sell,sell,neutral,-0.0254567376703155,sell,sell,sell
2021-01-27,-0.011249162781207,sell,sell,sell,-0.0199151409209677,sell,sell,sell,0.0056248120638011,buy,buy,neutral,-0.0031890592474578,sell,neutral,neutral
2021-01-28,-0.0217119324040113,sell,sell,sell,-0.0340300042906319,sell,sell,sell,-0.0130618416188705,sell,sell,sell,-0.0254888307494466,sell,sell,sell
2021-01-29,-0.0030665876901622,sell,neutral,neutral,-0.0218274928073762,sell,sell,sell,0.0096463304062103,buy,buy,neutral,-0.0093538142100756,sell,sell,neutral
2021-02-01,-0.0127776237475103,sell,sell,sell,0.0023131642216507,buy,neutral,neutral,0.0061568537544384,buy,buy,neutral,0.0215370761936462,buy,buy,buy
2021-02-02,0.0323379856131798,buy,buy,buy,0.0277902097393355,buy,buy,buy,0.0167951451023528,buy,buy,buy,0.012315840364969,buy,buy,buy
2021-02-03,-0.0024749366706208,sell,neutral,neutral,-0.002405130253124,sell,neutral,neutral,0.0019389216961705,buy,neutral,neutral,0.0020090369937659,buy,neutral,neutral
2021-02-04,-0.0072297603964711,sell,sell,neutral,-0.0065486255004375,sell,sell,neutral,-0.0072992292118447,sell,sell,neutral,-0.0066181419780318,sell,sell,neutral
2021-02-05,0.0072714007324972,buy,buy,neutral,0.0067073526043287,buy,buy,neutral,0.0065807904837961,buy,buy,neutral,0.0060171290810104,buy,buy,neutral
2021-02-08,0.0110557666297037,buy,buy,buy,0.0004907290662364,buy,neutral,neutral,0.0116222511310497,buy,buy,buy,0.0010512940819977,buy,neutral,neutral
2021-02-09,-0.0062971944330715,sell,sell,neutral,-0.0051601543010064,sell,sell,neutral,0.0041961636388574,buy,neutral,neutral,0.0053452107504552,buy,buy,neutral
2021-02-10,0.0120128879383543,buy,buy,buy,0.020250342298548,buy,buy,buy,0.0108562200860082,buy,buy,buy,0.0190842595476792,buy,buy,buy
2021-02-11,0.006681721636359,buy,buy,neutral,0.0126654067617837,buy,buy,buy,-0.0014461803043922,sell,neutral,neutral,0.0044891928224151,buy,neutral,neutral
2021-02-16,0.0226882706738422,buy,buy,buy,0.0250499704282894,buy,buy,buy,0.0166453619773306,buy,buy,buy,0.0189931068088613,buy,buy,buy
2021-02-17,-0.001286067380533,sell,neutral,neutral,0.0133368606432438,buy,buy,buy,-0.003587089298952,sell,neutral,neutral,0.0110021477180257,buy,buy,buy
2021-02-18,0.0178542774394785,buy,buy,buy,-0.0013415300353102,sell,neutral,neutral,0.0031661609643285,buy,neutral,neutral,-0.0157526419703472,sell,sell,sell
2021-02-19,-0.0224446131375157,sell,sell,sell,-0.0172729595863178,sell,sell,sell,-0.0036544405544719,sell,neutral,neutral,0.001616620420666,buy,neutral,neutral
2021-02-22,0.0192940177857716,buy,buy,buy,-0.0053678570064761,sell,sell,neutral,0.0139299285626059,buy,buy,buy,-0.0106021617960163,sell,sell,sell
2021-02-23,-0.0283744128356724,sell,sell,sell,-0.0141276476767628,sell,sell,sell,-0.0042829849199481,sell,neutral,neutral,0.0103170283629223,buy,buy,buy
2021-02-24,0.0169817881753338,buy,buy,buy,-0.0156254033297611,sell,sell,sell,0.0022854629635769,buy,neutral,neutral,-0.0298505245375005,sell,sell,sell
2021-02-25,-0.0172112075269357,sell,sell,sell,-0.0204699092994885,sell,sell,sell,0.0153434545637251,buy,buy,buy,0.0119768090133511,buy,buy,buy
2021-02-26,-0.0252563223172512,sell,sell,sell,-0.0395705253624443,sell,sell,sell,-0.0220135439887387,sell,sell,sell,-0.0363753675402123,sell,sell,sell
2021-03-01,0.0015558126625978,buy,neutral,neutral,0.0013749242895167,buy,neutral,neutral,0.0164829610291721,buy,buy,buy,0.0162993767029062,buy,buy,buy
2021-03-02,0.0085036638634066,buy,buy,neutral,-0.012289788654886,sell,sell,sell,0.0086858399720525,buy,buy,neutral,-0.0121113686756434,sell,sell,sell
2021-03-03,-0.0154488657192281,sell,sell,sell,0.0057905963014447,buy,buy,neutral,0.0052780813421153,buy,buy,neutral,0.0269646803266143,buy,buy,buy
2021-03-04,0.0094378175642848,buy,buy,neutral,-0.0004321665459823,sell,neutral,neutral,-0.0118786634877629,sell,sell,sell,-0.0215402213575923,sell,sell,sell
2021-03-05,-0.0290711558329583,sell,sell,sell,-0.0144685674701261,sell,sell,sell,-0.0194839603036521,sell,sell,sell,-0.004737182311776,sell,neutral,neutral
2021-03-08,0.0242594553760102,buy,buy,buy,-0.0044061090196364,sell,neutral,neutral,0.0090830351118689,buy,buy,neutral,-0.0191577925141109,sell,sell,sell
2021-03-09,-0.0237489295677176,sell,sell,sell,-0.0200717776645798,sell,sell,sell,0.0043597080799471,buy,neutral,neutral,0.0081427341107056,buy,buy,neutral
2021-03-10,0.0205862210852054,buy,buy,buy,0.0084513368309159,buy,buy,neutral,0.0167565012346681,buy,buy,buy,0.0046671527775044,buy,neutral,neutral
2021-03-11,-0.0118059926099302,sell,sell,sell,0.0044518404040284,buy,neutral,neutral,8.51313962562455e-05,buy,neutral,neutral,0.0165385979669812,buy,buy,buy
2021-03-12,0.0221511277936428,buy,buy,buy,-0.0058893075285554,sell,sell,neutral,0.0056068180694313,buy,buy,neutral,-0.0219797610331162,sell,sell,sell
2021-03-15,-0.021198378906672,sell,sell,sell,-0.0242504373326025,sell,sell,sell,0.0064102402917564,buy,buy,neutral,0.0032720938199575,buy,neutral,neutral
2021-03-16,0.0039023403372879,buy,neutral,neutral,0.0035866552520341,buy,neutral,neutral,0.0070424581645118,buy,buy,neutral,0.0067257856442015,buy,buy,neutral
2021-03-17,-0.0015352947617962,sell,neutral,neutral,-9.30257461364383e-05,sell,neutral,neutral,-0.0012212208211488,sell,neutral,neutral,0.0002215018701499,buy,neutral,neutral
2021-03-18,0.0112226284686762,buy,buy,buy,0.014261763334168,buy,buy,buy,0.0097640377172089,buy,buy,neutral,0.0127987889248566,buy,buy,buy
2021-03-19,-0.0054277585943175,sell,sell,neutral,-0.0111424474518567,sell,sell,sell,-0.008407895758485,sell,sell,neutral,-0.0141054611171601,sell,sell,sell
2021-03-22,-0.0122568329780773,sell,sell,sell,-0.0093674505875823,sell,sell,neutral,-0.0065485842458456,sell,sell,neutral,-0.0036425038776595,sell,neutral,neutral
2021-03-23,0.0071847867085108,buy,buy,neutral,-0.0105450518026458,sell,sell,sell,0.0042471263334138,buy,neutral,neutral,-0.0134309994784064,sell,sell,sell
2021-03-24,-0.0196679851328828,sell,sell,sell,-0.0375716413551047,sell,sell,sell,-0.0021016185766523,sell,neutral,neutral,-0.0203260867106824,sell,sell,sell
2021-03-25,-0.0284627844995826,sell,sell,sell,-0.0189144982536051,sell,sell,sell,-0.0103896799851798,sell,sell,sell,-0.0006637709240351,sell,neutral,neutral
2021-03-26,0.0150415921527979,buy,buy,buy,0.0256387561991992,buy,buy,buy,0.0051628327009506,buy,buy,neutral,0.0156568612351764,buy,buy,buy
2021-03-29,0.0097587125093561,buy,buy,neutral,0.01050684866345,buy,buy,buy,-0.0006743748316475,sell,neutral,neutral,6.603138682725884e-05,buy,neutral,neutral
2021-03-30,0.0083146715915087,buy,buy,neutral,0.0091880052430367,buy,buy,neutral,0.0075681584317822,buy,buy,neutral,0.0084408455043383,buy,buy,neutral
2021-03-31,0.0087473043675025,buy,buy,neutral,-0.0061086866436582,sell,sell,neutral,0.0078743520908057,buy,buy,neutral,-0.0069687828055288,sell,sell,neutral
2021-04-01,-0.0072208420823501,sell,sell,neutral,0.0047291311153975,buy,neutral,neutral,0.0076185252085123,buy,buy,neutral,0.0197471182332207,buy,buy,buy
2021-04-07,0.0177253915703179,buy,buy,buy,0.0028064787803073,buy,neutral,neutral,0.0056208444090037,buy,buy,neutral,-0.0091206269169754,sell,sell,neutral
2021-04-08,-0.0170878804224211,sell,sell,sell,-0.0032070648447236,sell,neutral,neutral,-0.0024649392044326,sell,neutral,neutral,0.0116223834924746,buy,buy,buy
2021-04-09,0.0191692780261583,buy,buy,buy,0.0033100701391824,buy,neutral,neutral,0.0049768612344678,buy,neutral,neutral,-0.0106614996419369,sell,sell,sell
2021-04-12,-0.0123649600775128,sell,sell,sell,-0.0239829039821589,sell,sell,sell,0.0032464743940057,buy,neutral,neutral,-0.0085551130253291,sell,sell,neutral
2021-04-13,-0.0081318108367478,sell,sell,neutral,-0.0102362115523065,sell,sell,sell,0.0036748153274017,buy,neutral,neutral,0.0015453650409227,buy,neutral,neutral
2021-04-14,0.0083588583312348,buy,buy,neutral,0.0120103704009694,buy,buy,buy,0.0105027952258551,buy,buy,buy,0.014162071011238,buy,buy,buy
2021-04-15,0.002648564816994,buy,neutral,neutral,-0.0001184223859275,sell,neutral,neutral,-0.000969168205525,sell,neutral,neutral,-0.0037261716301536,sell,neutral,neutral
2021-04-16,-0.0015810852604944,sell,neutral,neutral,0.0033557727977842,buy,neutral,neutral,0.0011818542936387,buy,neutral,neutral,0.0061323741928551,buy,buy,neutral
2021-04-19,0.0046123479294131,buy,neutral,neutral,0.009677691896432,buy,buy,neutral,-0.0003306929139081,sell,neutral,neutral,0.0047097278056849,buy,neutral,neutral
2021-04-20,9.219301832463778e-05,buy,neutral,neutral,0.0060634950245107,buy,buy,neutral,-0.0049250624851156,sell,neutral,neutral,0.0010162827350237,buy,neutral,neutral
2021-04-21,-0.0089953748592112,sell,sell,neutral,-0.0117696096434043,sell,sell,sell,-0.0148772977552395,sell,sell,sell,-0.0176350665869213,sell,sell,sell
2021-04-22,0.0005125356893462,buy,neutral,neutral,0.0018489935941204,buy,neutral,neutral,0.0033212498369946,buy,neutral,neutral,0.0046614595470595,buy,neutral,neutral
2021-04-23,0.0028369539091568,buy,neutral,neutral,0.0125977566354401,buy,buy,buy,0.001499178073855,buy,neutral,neutral,0.0112469599736027,buy,buy,buy
2021-04-26,0.0106950203346181,buy,buy,buy,0.0053607351632839,buy,buy,neutral,0.0009525587843356,buy,neutral,neutral,-0.0043303072475604,sell,neutral,neutral
2021-04-27,-0.0072516011069818,sell,sell,neutral,-0.0056657600180157,sell,sell,neutral,-0.001984234998616,sell,neutral,neutral,-0.0003899796874616,sell,neutral,neutral
2021-04-28,0.0033416619154431,buy,neutral,neutral,0.0060895194713417,buy,buy,neutral,0.0017414550938759,buy,neutral,neutral,0.0044849301541873,buy,neutral,neutral
2021-04-29,0.009529251563928,buy,buy,neutral,0.0107381678622553,buy,buy,buy,0.0067719993233241,buy,buy,neutral,0.0079776137983835,buy,buy,neutral
2021-04-30,-0.0042633712824627,sell,neutral,neutral,-0.0185638295174665,sell,sell,sell,-0.0054543446498226,sell,sell,neutral,-0.0197376984975741,sell,sell,sell
2021-05-03,-0.0165910305147574,sell,sell,sell,-0.0269663053877656,sell,sell,sell,-0.0022618267223829,sell,neutral,neutral,-0.0127882792159644,sell,sell,sell
2021-05-04,-0.0077376294767148,sell,sell,neutral,-0.00358582880022,sell,neutral,neutral,0.0028426771430106,buy,neutral,neutral,0.0070387476875224,buy,buy,neutral
2021-05-05,-0.0003685355273124,sell,neutral,neutral,-0.0007092557567193,sell,neutral,neutral,-0.0045337418344908,sell,neutral,neutral,-0.0048730423706417,sell,neutral,neutral
2021-05-06,0.0077495194595769,buy,buy,neutral,0.0073798174877345,buy,buy,neutral,0.0080931238103956,buy,buy,neutral,0.0077232957842079,buy,buy,neutral
2021-05-07,0.002553763999836,buy,neutral,neutral,-0.0013027209810686,sell,neutral,neutral,0.0029216948408102,buy,neutral,neutral,-0.0009362054455006,sell,neutral,neutral
2021-05-10,0.0019448877299956,buy,neutral,neutral,-0.0043685850581348,sell,neutral,neutral,0.0058139134021401,buy,buy,neutral,-0.0005239389587561,sell,neutral,neutral
2021-05-11,-0.0170424246422464,sell,sell,sell,-0.0265204832501335,sell,sell,sell,-0.0108093188856646,sell,sell,sell,-0.0203474795194692,sell,sell,sell
2021-05-12,-0.0075173729463369,sell,sell,neutral,-0.0019628220363869,sell,neutral,neutral,0.002145705058561,buy,neutral,neutral,0.0077543365712964,buy,buy,neutral
2021-05-13,-0.0054823179904447,sell,sell,neutral,-0.0126540932291821,sell,sell,sell,-0.0110172812338369,sell,sell,sell,-0.018149142137159,sell,sell,sell
2021-05-14,-0.0016948530067586,sell,neutral,neutral,0.0038524537698202,buy,neutral,neutral,0.0055565267627957,buy,buy,neutral,0.0111441274597818,buy,buy,buy
2021-05-17,0.0092499259152436,buy,buy,neutral,0.0115310146573948,buy,buy,buy,0.0036727926101782,buy,neutral,neutral,0.0059412760147723,buy,buy,neutral
2021-05-18,0.0109318861909066,buy,buy,buy,0.0164696902086056,buy,buy,buy,0.0086521485345651,buy,buy,neutral,0.0141774643317174,buy,buy,buy
2021-05-20,-0.0008628960271412,sell,neutral,neutral,0.0004311046133688,buy,neutral,neutral,-0.0063062707995631,sell,sell,neutral,-0.0050193199727514,sell,sell,neutral
2021-05-21,0.006012975103224,buy,buy,neutral,0.0015819675224418,buy,neutral,neutral,0.0047117546312276,buy,neutral,neutral,0.0002864783063221,buy,neutral,neutral
2021-05-24,-0.0058196064797827,sell,sell,neutral,-0.0060200822921095,sell,sell,neutral,-0.0014213435285735,sell,neutral,neutral,-0.0016227062476866,sell,neutral,neutral
2021-05-25,0.0015310641345906,buy,neutral,neutral,0.0173435607711911,buy,buy,buy,0.0017330629376609,buy,neutral,neutral,0.0175487487967513,buy,buy,buy
2021-05-26,0.0208976792113908,buy,buy,buy,0.0247530792693638,buy,buy,buy,0.0050299411715429,buy,buy,neutral,0.0088254170280954,buy,buy,neutral
2021-05-27,-0.001992294721686,sell,neutral,neutral,0.0019589542519685,buy,neutral,neutral,-0.005747071401675,sell,sell,neutral,-0.0018106881023279,sell,neutral,neutral
2021-05-28,0.0076235372975979,buy,buy,neutral,0.0043457422475492,buy,neutral,neutral,0.0036499499059369,buy,neutral,neutral,0.00038508091865,buy,neutral,neutral
2021-05-31,0.000205342597279,buy,neutral,neutral,-0.0023155853694468,sell,neutral,neutral,0.0034696249883816,buy,neutral,neutral,0.0009404696903061,buy,neutral,neutral
2021-06-01,-0.0022720049058251,sell,neutral,neutral,0.008298896055692,buy,buy,neutral,0.0002490331790984,buy,neutral,neutral,0.0108466444705321,buy,buy,buy
2021-06-02,0.0087650312915308,buy,buy,neutral,0.0047518195425829,buy,neutral,neutral,-0.0018107565834125,sell,neutral,neutral,-0.0057818942369689,sell,sell,neutral
2021-06-03,-0.00167672667257,sell,neutral,neutral,-0.0152512938656716,sell,sell,sell,0.0023108079721441,buy,neutral,neutral,-0.0113179791899952,sell,sell,sell
