Date,daily_ret
2012-12-03,-0.0073574494175352445
2012-12-04,0.0
2012-12-05,0.0
2012-12-06,0.0
2012-12-07,0.0
2012-12-10,0.0
2012-12-11,0.0
2012-12-12,0.0
2012-12-13,0.0
2012-12-14,0.0
2012-12-17,-0.007309038501132403
2012-12-18,0.0
2012-12-19,0.0
2012-12-20,-0.029658819869335273
2012-12-21,-0.007587902105375632
2012-12-24,0.007645918587120493
2012-12-27,0.007694773966014701
2012-12-28,0.0
2012-12-31,0.022695938063421295
2013-01-02,0.0
2013-01-03,0.0
2013-01-04,0.0
2013-01-07,0.007362853883646103
2013-01-08,0.0
2013-01-09,0.0
2013-01-10,0.0
2013-01-11,-0.036751080914144585
2013-01-14,0.03056535214278089
2013-01-15,-0.007466556051021422
2013-01-16,0.0
2013-01-17,0.0
2013-01-18,-0.007418242607877934
2013-01-21,-0.007473684210526299
2013-01-22,0.007529960759359522
2013-01-23,0.0
2013-01-24,0.0
2013-01-25,0.0
2013-01-28,0.0
2013-01-29,0.0
2013-01-30,0.0
2013-01-31,0.0
2013-02-01,0.0
2013-02-04,0.015052631578947429
2013-02-05,-0.014829409934667637
2013-02-06,0.0
2013-02-07,0.0
2013-02-08,0.0
2013-02-14,0.0
2013-02-15,-0.022526315789473728
2013-02-18,0.015399526168425659
2013-02-19,-0.007636016544702473
2013-02-20,0.0
2013-02-21,-0.030565352142780777
2013-02-22,0.0
2013-02-25,0.0
2013-02-26,0.0
2013-02-27,0.0
2013-02-28,0.0
2013-03-01,0.0
2013-03-04,0.0
2013-03-05,0.0
2013-03-06,0.0
2013-03-07,0.0
2013-03-08,-0.00782714143975305
2013-03-11,0.023777777777777898
2013-03-12,-0.03874538745387457
2013-03-13,-0.03229084340069999
2013-03-14,0.02508458756271148
2013-03-15,0.03243796949692701
2013-03-18,-0.03141880718774126
2013-03-19,-0.008194855451855165
2013-03-20,-0.008147808124856382
2013-03-21,0.0
2013-03-22,-0.0330903621427745
2013-03-25,0.004307765944717046
2013-03-26,-0.00857857738591683
2013-03-27,0.0
2013-03-28,0.004326403076553298
2013-04-02,-0.02560727533803997
2013-04-03,0.0
2013-04-05,0.008719145278152984
2013-04-08,0.0
2013-04-09,-0.008643778914049216
2013-04-10,0.0
2013-04-11,0.0
2013-04-12,0.0
2013-04-15,0.0
2013-04-16,0.0
2013-04-17,-0.008841950141225574
2013-04-18,0.01771775492504024
2013-04-19,0.0
2013-04-22,0.0
2013-04-23,0.0
2013-04-24,0.0
2013-04-25,-0.008643778914049216
2013-04-26,-0.026280240697531654
2013-04-29,0.0
2013-04-30,-0.018035061167864797
2013-05-02,0.00911893141536102
2013-05-03,-0.018200330915107532
2013-05-06,0.009333679025149033
2013-05-07,-0.009247367069098344
2013-05-08,-0.01853772361939332
2013-05-09,0.009509972262580879
2013-05-10,0.00928954598979459
2013-05-13,0.0
2013-05-14,-0.009204044594244287
2013-05-15,0.0
2013-05-16,-0.02799947664529634
2013-05-20,-0.00969174855296806
2013-05-21,0.029087943455212706
2013-05-22,-0.018755778628979036
2013-05-23,0.0
2013-05-24,-0.00969174855296806
2013-05-27,0.029087943455212706
2013-05-28,-0.009377889314489574
2013-05-29,0.009466666666666734
2013-05-30,0.018887861577070453
2013-05-31,0.009333679025149033
2013-06-03,-0.04585152838427953
2013-06-04,-0.00969174855296806
2013-06-05,0.019437270626614156
2013-06-06,0.04760000000000009
2013-06-07,-0.04543718976708677
2013-06-10,0.009466666666666734
2013-06-11,0.0
2013-06-13,0.018887861577070453
2013-06-14,0.009333679025149033
2013-06-17,-0.03673259696891862
2013-06-18,0.0
2013-06-19,0.05720000000000014
2013-06-20,0.0539790641947282
2013-06-21,0.051334210841210925
2013-06-24,-0.04882768040063723
2013-06-25,-0.02560727533803997
2013-06-26,-0.008841950141225574
2013-06-27,0.0
2013-06-28,0.07087101970016119
2013-07-02,-0.0330903621427745
2013-07-03,0.03422280722747395
2013-07-04,0.0
2013-07-05,-0.041305102395001736
2013-07-08,0.0
2013-07-09,0.008568670045860483
2013-07-10,-0.02560727533803997
2013-07-11,0.01756109541937856
2013-07-12,-0.017258025585324632
2013-07-15,0.0
2013-07-16,0.004420975070612787
2013-07-17,0.03924685169336106
2013-07-18,-0.008352941176470563
2013-07-19,0.029659508838533633
2013-07-22,-0.0535776011061182
2013-07-23,0.017409301193084925
2013-07-24,0.008615531889434092
2013-07-25,0.0
2013-07-26,0.0
2013-07-29,0.008423300510143505
2013-07-30,0.0
2013-07-31,-0.01682352941176468
2013-08-01,-0.02560727533803997
2013-08-02,0.01756109541937856
2013-08-05,0.0
2013-08-06,-0.025947381124788782
2013-08-07,-0.008796927270474542
2013-08-08,0.008874999999999966
2013-08-09,0.00892082765456581
2013-08-12,-0.008841950141225574
2013-08-13,0.0
2013-08-15,0.0
2013-08-16,0.01771775492504024
2013-08-19,0.0
2013-08-20,0.008765522279035709
2013-08-21,-0.017258025585324632
2013-08-22,0.0
2013-08-23,0.01756109541937856
2013-08-26,-0.00868935553946415
2013-08-27,-0.008643778914049216
2013-08-28,0.008719145278152984
2013-08-29,0.0
2013-08-30,0.017409301193084925
2013-09-02,-0.008495871724302995
2013-09-03,-0.00868935553946415
2013-09-04,0.008765522279035709
2013-09-05,0.017258025585324743
2013-09-06,-0.03393047811128247
2013-09-09,0.0
2013-09-10,0.06140243153628888
2013-09-11,0.06606502371861622
2013-09-12,0.031039722161927408
2013-09-13,-0.015052631578947429
2013-09-16,-0.03815325424815652
2013-09-17,-0.007888888888888945
2013-09-18,0.015903236644641217
2013-09-19,0.03946643148495199
2013-09-23,-0.007636016544702473
2013-09-24,0.061130704285561555
2013-09-25,0.0
2013-09-26,-0.05035753852351699
2013-09-27,0.007529960759359522
2013-09-30,0.045157894736842064
2013-10-02,0.014301540940678814
2013-10-03,0.021348426174163437
2013-10-04,-0.006999805560956585
2013-10-07,0.0
2013-10-08,-0.0069512433914233895
2013-10-09,0.014098392980380403
2013-10-10,0.0
2013-10-11,-0.04860976083997659
2013-10-15,0.00725526262006948
2013-10-16,-0.007203002942071657
2013-10-17,0.0
2013-10-18,-0.014612712037604725
2013-10-21,0.007362853883646103
2013-10-22,0.0074119827053735765
2013-10-23,-0.043838136112814285
2013-10-24,-0.022870578176766077
2013-10-25,0.02340588428305801
2013-10-28,0.0
2013-10-29,-0.030565352142780777
2013-10-30,-0.03141880718774126
2013-10-31,0.03243796949692701
2013-11-01,0.023701907176717052
2013-11-04,-0.07947447770837823
2013-11-05,0.05451567618156283
2013-11-06,-0.055580208564455336
2013-11-07,-0.07705861623399501
2013-11-08,0.1324933180603285
2013-11-11,-0.08485052820858618
2013-11-12,-0.07024438167751446
2013-11-13,-0.10328886540747584
2013-11-14,-0.05832965090587727
2013-11-15,-0.055842327545753245
2013-11-18,0.07753479125248508
2013-11-19,-0.003536285362853553
2013-11-20,0.010029316463508575
2013-11-21,0.07775740910479678
2013-11-22,0.011055988660524596
2013-11-25,0.10150007009673345
2013-11-26,-0.10003818251240937
2013-11-27,0.10946117946542233
2013-11-28,-0.05302740599107725
2013-11-29,-0.07699555794857971
2013-12-02,-0.020854601137523687
2013-12-03,0.028299076556449254
2013-12-04,0.0346176129779836
2013-12-05,-0.002099958000839952
2013-12-06,-0.06551627384960712
2013-12-09,-0.005554721513286398
2013-12-10,0.0244565217391306
2013-12-11,0.018272914824638775
2013-12-12,0.013024602026049381
2013-12-13,0.035428571428571365
2013-12-16,0.06429359823399561
2013-12-17,-0.06481721545242425
2013-12-18,0.019822567230385335
2013-12-19,-0.009650672828598661
2013-12-20,-0.06862475981334049
2013-12-23,0.04568228706159738
2013-12-24,0.08990980834272855
2013-12-27,-0.01810188776829602
2013-12-30,-0.012378193310508268
2013-12-31,0.1048
2014-01-02,-0.04308472121650986
2014-01-03,-0.07214024467145919
2014-01-06,-0.12613837161886632
2014-01-07,0.014776792658267368
2014-01-08,-0.02559779276517482
2014-01-09,-0.04546169576844428
2014-01-10,0.15491100856954532
2014-01-13,0.022402968036529636
2014-01-14,-0.027215631542219176
2014-01-15,-0.013916786226685796
2014-01-16,-0.08235122944856688
2014-01-17,0.13255113366101146
2014-01-20,-0.04003919921601551
2014-01-21,-0.06241796704098013
2014-01-22,-0.011199253383107788
2014-01-23,0.011326097215667685
2014-01-24,0.08881630113547989
2014-01-27,-0.11514285714285721
2014-01-28,-0.06587019696480467
2014-01-29,0.03698582786035254
2014-01-30,0.05683333333333329
2014-02-04,0.01387793723387487
2014-02-05,-0.025664955669622014
2014-02-06,0.04070881226053635
2014-02-07,0.00797668354042047
2014-02-10,-0.021610105006848346
2014-02-11,-0.1025042774926116
2014-02-12,-0.011265164644714165
2014-02-13,0.020333041191936907
2014-02-14,-0.018381721353719183
2014-02-17,0.03762688134406722
2014-02-18,0.051948051948051965
2014-02-19,0.01843835177168507
2014-02-20,-0.0835957178841309
2014-02-21,0.04707095000858952
2014-02-24,-0.015586546349466768
2014-02-25,-0.035666666666666624
2014-02-26,-0.02281368821292784
2014-02-27,0.05217545100813581
2014-02-28,0.19667170953101354
2014-03-03,-0.09692372524230941
2014-03-04,0.011043708197231439
2014-03-05,-0.06600000000000006
2014-03-06,-0.0703343765442267
2014-03-07,0.033132530120481896
2014-03-10,0.021951637797976264
2014-03-11,-0.06041282094311129
2014-03-12,-0.017681728880157177
2014-03-13,0.020000000000000018
2014-03-14,-0.027450980392156876
2014-03-17,0.07752932551319658
2014-03-18,-0.03878210580030628
2014-03-19,0.007078393204742683
2014-03-20,-0.014408715515726644
2014-03-21,-0.01943305402032447
2014-03-24,0.06072727272727274
2014-03-25,-0.04028111073020235
2014-03-26,0.05858188962314714
2014-03-27,-0.04606040155221869
2014-03-28,-0.06508666430845422
2014-03-31,0.12391222096102905
2014-04-01,-0.022218481737081186
2014-04-02,-0.060767774143570374
2014-04-03,0.037573313782991224
2014-04-04,-0.040628864158275935
2014-04-07,0.04234947523476351
2014-04-08,0.048224695283518804
2014-04-09,0.07954162453656899
2014-04-10,0.03699656571963783
2014-04-11,-0.032214360981484336
2014-04-14,-0.1376574895006999
2014-04-15,0.05447330447330434
2014-04-16,-0.022579541566883243
2014-04-17,0.03762688134406722
2014-04-22,0.14454376792039136
2014-04-23,0.17889773062186842
2014-04-24,-0.11612500000000003
2014-04-25,-0.07071135624381264
2014-04-28,-0.09770202404504646
2014-04-29,0.08804182830156848
2014-04-30,-0.04774453573089443
2014-05-02,0.0
2014-05-05,-0.034022464593846724
2014-05-07,0.047185709470846104
2014-05-08,-0.05230125523012552
2014-05-09,0.07947019867549665
2014-05-12,-0.031304074248859504
2014-05-13,0.03377720038973675
2014-05-14,-0.001413760603204417
2014-05-15,-0.10036180588327837
2014-05-16,0.003671970624234966
2014-05-19,-0.016898954703832736
2014-05-20,0.0035442140705297387
2014-05-21,0.0967684972629348
2014-05-22,-0.04540331669618414
2014-05-23,0.03761173891044023
2014-05-26,0.021781534460338037
2014-05-27,-0.01145402481705371
2014-05-28,-0.06887672996459604
2014-05-29,-0.013826477704804718
2014-05-30,0.004907115317209998
2014-06-03,0.04638995465643525
2014-06-04,-0.029333333333333322
2014-06-05,0.030219780219780112
2014-06-06,-0.009166666666666545
2014-06-09,-0.04524810765349041
2014-06-10,0.009689922480620172
2014-06-11,-0.052695864596056574
2014-06-12,0.0920979922637688
2014-06-13,-0.07117557766908422
2014-06-16,0.12148175049936438
2014-06-17,0.11026554404145084
2014-06-18,0.056584512177336954
2014-06-19,-0.14230503795721183
2014-06-20,0.11570646926295458
2014-06-23,0.08178277801817391
2014-06-24,-0.07613333333333328
2014-06-25,-0.03925530379564146
2014-06-26,0.08367132341895744
2014-06-27,0.0986969780981426
2014-06-30,1.5052990158970476
2014-07-02,0.025180037266455235
2014-07-03,-0.11927101242815741
2014-07-04,-0.5259077472251659
2014-07-07,-0.05882352941176472
2014-07-08,-0.09825000000000006
2014-07-09,-0.059329082339894534
2014-07-10,0.04745063365753022
2014-07-11,0.004924029262802332
2014-07-14,-0.06005879882402332
2014-07-15,0.046916890080428875
2014-07-16,-0.03129890453834128
2014-07-17,-0.0033778822147156884
2014-07-18,-0.11862658414382554
2014-07-21,-0.002842334057849949
2014-07-22,0.01827632461435269
2014-07-23,-0.07607442779515894
2014-07-24,0.12029941186954196
2014-07-25,-0.008749602290805014
2014-07-28,-0.04846734071577585
2014-07-29,-0.05920053972002026
2014-07-30,0.01003944065973461
2014-07-31,0.05271565495207664
2014-08-01,-0.12089023773394036
2014-08-04,0.028768699654775576
2014-08-05,0.059097688292319095
2014-08-06,-0.05210350290441823
2014-08-07,0.002971216341689953
2014-08-08,-0.10423995556378451
2014-08-11,0.01880942538238939
2014-08-12,-0.09210793264353834
2014-08-13,0.010055865921787754
2014-08-14,-0.08362831858407083
2014-08-15,-0.0012071463061323895
2014-08-18,0.1046652163403432
2014-08-19,0.07964989059080962
2014-08-20,-0.18504256181597079
2014-08-21,-0.09972643620989807
2014-08-22,0.17872928176795577
2014-08-25,0.033278650105460494
2014-08-26,0.1179405760943526
2014-08-27,-0.01460742544126592
2014-08-28,0.00494132180358231
2014-08-29,0.038926449498053683
2014-09-01,0.017945178465785805
2014-09-02,-0.05908562572646259
2014-09-03,-0.16512250360304714
2014-09-04,-0.07521578298397047
2014-09-05,0.09306666666666663
2014-09-08,-0.0036594291290558134
2014-09-10,0.10186092066601371
2014-09-11,-0.07933333333333326
2014-09-12,-0.09268645908761775
2014-09-15,0.09896249002394253
2014-09-16,-0.06802227063664967
2014-09-17,0.18805194805194825
2014-09-18,-0.14101442938347186
2014-09-19,0.006871977602443291
2014-09-22,0.19160768452982824
2014-09-23,-0.08464149342384386
2014-09-24,-0.05654692931633831
2014-09-25,0.2984524686809136
2014-09-26,0.013431706394249066
2014-09-29,0.12002986746313238
2014-09-30,-0.011833333333333251
2014-10-03,-0.010625737898465215
2014-10-06,-0.06273440163654953
2014-10-07,0.035285558384867244
2014-10-08,-0.16865776528460996
2014-10-09,0.0040152155536770096
2014-10-10,0.008208798147758323
2014-10-13,-0.019206680584551106
2014-10-14,-0.0031928480204342913
2014-10-15,-0.18321588725176163
2014-10-16,0.13098039215686286
2014-10-17,-0.005316689782709272
2014-10-20,0.11108528933302342
2014-10-21,-0.05333612215017769
2014-10-22,-0.013035793194874024
2014-10-23,0.05663756436086853
2014-10-24,0.03750000000000009
2014-10-27,0.06575454359812127
2014-10-28,0.007089480743437404
2014-10-29,0.08124048706240483
2014-10-30,0.005630828787612119
2014-10-31,-0.12878390201224843
2014-11-03,0.12191203052821842
2014-11-04,-0.17382742570712506
2014-11-05,0.19024918743228603
2014-11-06,-0.029856180593482606
2014-11-07,-0.0502908613248263
2014-11-10,0.10393202924323264
2014-11-11,0.020583497404689455
2014-11-12,-0.14047702560505093
2014-11-13,0.0028565598857375196
2014-11-14,0.09623601220752787
2014-11-17,0.10040831477357104
2014-11-18,-0.04132231404958675
2014-11-19,-0.05752990851513018
2014-11-20,-0.09333582228859427
2014-11-21,0.17026971381511213
2014-11-24,-0.06157635467980305
2014-11-25,-0.09842519685039364
2014-11-26,0.09918902058640033
2014-11-27,-0.021188043889519448
2014-11-28,0.14592191727870119
2014-12-01,0.036093776353516516
2014-12-02,-0.050463942699007
2014-12-03,1.5225441453797357
2014-12-04,-0.19416881881201575
2014-12-05,-0.12043518596609604
2014-12-08,0.5958385271838145
2014-12-09,-0.177852550621883
2014-12-10,-0.33991083826646207
2014-12-11,-0.34355624446412747
2014-12-12,-0.056839264631472486
2014-12-15,0.0066165951359085096
2014-12-16,0.06590868715580034
2014-12-17,0.0
2014-12-18,-0.035666666666666624
2014-12-19,-0.010715520221223684
2014-12-22,-0.087351502445842
2014-12-23,0.18606431852986205
2014-12-24,0.03760490639122005
2014-12-29,-0.08897184632135635
2014-12-30,-0.07648967047976774
2014-12-31,-0.01386577925679422
2015-01-02,0.061304836895388126
2015-01-05,0.015898251192368873
2015-01-06,-0.1151104155798992
2015-01-07,-0.016309687561406938
2015-01-08,0.03495805033959254
2015-01-09,0.021810461300907136
2015-01-12,-0.028900642236494245
2015-01-13,-0.022758218245477524
2015-01-14,0.0003980891719745916
2015-01-15,-0.0728213290887385
2015-01-16,0.1650214592274677
2015-01-19,-0.15325105912691106
2015-01-20,0.04046117032847518
2015-01-21,0.07819360234162653
2015-01-22,-0.052937754508435075
2015-01-23,0.07063882063882065
2015-01-26,0.12449799196787148
2015-01-27,0.017857142857142794
2015-01-28,-0.05714285714285716
2015-01-29,0.04873294346978563
2015-01-30,0.2451841838458939
2015-02-02,-0.15673768489618678
2015-02-03,-0.050691985838429376
2015-02-04,-0.04068486184098996
2015-02-05,-0.12546386287329925
2015-02-06,0.039199838351182015
2015-02-09,0.04160995527902012
2015-02-10,-0.0617883143550495
2015-02-11,0.0682451253481895
2015-02-12,-0.12572173589122737
2015-02-13,0.16787388155091598
2015-02-16,-0.06658153958409341
2015-02-17,0.010162204416650278
2015-02-18,0.014896498355581267
2015-02-23,-0.002287457110179192
2015-02-24,-0.000573175391669789
2015-02-25,-0.03880711145096549
2015-02-26,0.04017501988862371
2015-02-27,0.20535372848948374
2015-03-02,-0.05948604060913698
2015-03-03,0.13543599257884975
2015-03-04,-0.08110516934046352
2015-03-05,0.004526349822179254
2015-03-06,-0.054876086256839485
2015-03-09,0.039162268006129874
2015-03-10,0.0
2015-03-11,-0.04899229886940848
2015-03-12,0.052549965541006216
2015-03-13,-0.0021280078572597505
2015-03-16,-0.034448818897637734
2015-03-17,0.004757050628610093
2015-03-18,-0.08200879269529926
2015-03-19,0.03573402099834233
2015-03-20,-0.004268184243286566
2015-03-23,0.020003572066440434
2015-03-24,-0.010506040973559894
2015-03-25,0.08051672270394628
2015-03-26,-0.006059613494923011
2015-03-27,-0.04448838358872964
2015-03-30,-0.06156233833419544
2015-03-31,0.091877986034546
2015-04-01,0.006058566139347077
2015-04-02,-0.0023419203747072626
2015-04-08,0.018779342723004744
2015-04-09,0.034562211981566726
2015-04-10,0.02179446388800499
2015-04-13,0.22621827806321027
2015-04-14,-0.047739969527679005
2015-04-15,-0.15213333333333334
2015-04-16,-0.1350841327252712
2015-04-17,-0.012909090909090981
2015-04-20,0.015288266715785648
2015-04-21,-0.038642960812772076
2015-04-22,0.0011322891111529287
2015-04-23,-0.017153628652214925
2015-04-24,-0.05600306866129645
2015-04-27,-0.04246241365298664
2015-04-28,-0.006577551453426644
2015-04-29,0.08650149508756932
2015-04-30,-0.023589541969726735
2015-05-04,-0.16267364606402246
2015-05-05,0.05962971868237554
2015-05-06,0.05150896301338781
2015-05-07,-0.02632714717306861
2015-05-08,-0.03435283687943269
2015-05-11,0.1014459490475097
2015-05-12,-0.025005209418628827
2015-05-13,0.023723017738833008
2015-05-14,0.024843423799582487
2015-05-15,-0.027500509268690188
2015-05-18,-0.031839128613322165
2015-05-19,-0.04262224145391602
2015-05-20,0.10169491525423746
2015-05-21,-0.05312820512820515
2015-05-22,0.12954939341421134
2015-05-26,0.680283851169927
2015-05-27,-0.04988015066773199
2015-05-28,-0.004084574723690504
2015-05-29,0.1667068757539203
2015-06-01,-0.1912737799834574
2015-06-02,-0.21286116082843265
2015-06-03,-0.07243787558876069
2015-06-04,-0.03344423043249867
2015-06-05,-0.03822463768115947
2015-06-08,0.03804859672254657
2015-06-09,0.09181636726546905
2015-06-10,-0.038391224862888484
2015-06-11,-0.05910819218804009
2015-06-12,-0.09147685525349014
2015-06-15,0.010917913465426698
2015-06-16,-0.03259999999999996
2015-06-17,0.04837709323961126
2015-06-18,0.05876552948136471
2015-06-19,-0.03818215682622472
2015-06-22,0.08326878388845849
2015-06-23,-0.11422953164104399
2015-06-24,0.07083753784056523
2015-06-25,0.06539766302299266
2015-06-26,0.02600389173889983
2015-06-29,0.0344827586206895
2015-06-30,0.8356666666666668
2015-07-02,-0.3704376248411113
2015-07-03,-0.07643495817709833
2015-07-06,-0.08885071830106184
2015-07-07,-0.0452442159383033
2015-07-08,-0.038233710285406564
2015-07-09,0.001493094438223208
2015-07-10,0.06485277674245249
2015-07-13,-0.04987749387469387
2015-07-14,0.0020261558298029225
2015-07-15,-0.0522058823529411
2015-07-16,0.04150504266873534
2015-07-17,0.025325884543761612
2015-07-20,-0.03995641118779514
2015-07-21,0.002837684449489286
2015-07-22,0.07790982833427651
2015-07-23,0.0
2015-07-24,-0.018900945047252482
2015-07-27,0.03210845522654315
2015-07-28,0.014517801590044899
2015-07-29,-0.1349233390119251
2015-07-30,0.2296179598267034
2015-07-31,0.42376681614349776
2015-08-03,-0.25950506186726663
2015-08-04,-0.17742670514962788
2015-08-05,-0.05373961218836554
2015-08-06,0.06928181108508968
2015-08-07,-0.03376528563606496
2015-08-10,0.0502455610124668
2015-08-11,-0.07733812949640284
2015-08-12,0.0721247563352827
2015-08-13,0.0
2015-08-14,-0.012909090909090981
2015-08-17,-0.05489040338920603
2015-08-18,-0.012668095887741315
2015-08-19,0.052704303197789404
2015-08-20,-0.07725482842677678
2015-08-21,-0.03210729526518996
2015-08-24,0.10077682133109378
2015-08-25,0.3004005340453939
2015-08-26,-0.10017600469345855
2015-08-27,-0.04547677261613692
2015-08-28,-0.09323770491803274
2015-08-31,0.006026365348399176
2015-09-01,0.02602021714713576
2015-09-02,-0.0979748221127531
2015-09-04,0.20772653721682843
2015-09-07,-0.1696533244012728
2015-09-08,-0.0058491327148043615
2015-09-09,0.04341651450598483
2015-09-10,-0.01399961112191328
2015-09-11,-0.042200749359100675
2015-09-14,0.03273625694873372
2015-09-15,0.02531897926634752
2015-09-16,-0.07058137273964604
2015-09-17,-0.0027196652719666536
2015-09-18,-0.02265575833857769
2015-09-21,-0.06503541532517698
2015-09-22,0.13544536271808982
2015-09-23,-0.024666397088556336
2015-09-24,0.03503316749585417
2015-09-25,-0.04085720008011218
2015-09-29,0.05888494466485694
2015-09-30,0.4902386117136659
2015-10-02,-0.2814608971814212
2015-10-05,-0.06611418047882145
2015-10-06,0.045158745809505074
2015-10-07,-0.06999999999999995
2015-10-08,0.05782105903834456
2015-10-09,0.07671653241273502
2015-10-12,-0.07837548984681153
2015-10-13,-0.00019327406262081848
2015-10-14,-0.03479605644693595
2015-10-15,0.03865411576206701
2015-10-16,-0.08870034708831465
2015-10-19,0.05924672027084199
2015-10-20,-0.1378345984818219
2015-10-22,0.17493049119555137
2015-10-23,-0.053638335633997225
2015-10-26,-0.0325067722442175
2015-10-27,-0.015507215162610333
2015-10-28,-0.005906803762852797
2015-10-29,0.11597711267605626
2015-10-30,0.11279826464208242
2015-11-02,-0.0570618465355307
2015-11-03,-0.060139071603082184
2015-11-04,0.013997200559888068
2015-11-05,-0.02800236639716025
2015-11-06,-0.02901196997362554
2015-11-09,-0.08399498537400762
2015-11-10,0.09169708029197077
2015-11-11,0.0
2015-11-12,-0.04492269118261594
2015-11-13,0.0
2015-11-16,0.047035659593086754
2015-11-17,-0.015043877977434117
2015-11-18,0.09100551548578695
2015-11-19,-0.18063387128135333
2015-11-20,0.10180351210251559
2015-11-23,0.01787637303467604
2015-11-24,-0.13859500634786293
2015-11-25,0.08793908130680417
2015-11-26,0.08060510273199362
2015-11-27,-0.015043877977434117
2015-11-30,0.2615613067458633
2015-12-01,-0.24449302169160925
2015-12-02,0.20832405964834178
2015-12-03,0.03941794068889304
2015-12-04,-0.0008860535176324902
2015-12-07,-0.06243348705214624
2015-12-08,-0.027052591751797195
2015-12-09,0.0
2015-12-10,0.027804783200466643
2015-12-11,0.04426787741203175
2015-12-14,-0.15887681159420286
2015-12-15,-0.09239715701055362
2015-12-16,0.051020408163265474
2015-12-17,-0.024610521562429488
2015-12-18,0.021296296296296147
2015-12-21,0.12783318223028095
2015-12-22,0.019091639871382515
2015-12-23,0.02819956616052055
2015-12-24,0.0
2015-12-28,-0.06846950517836592
2015-12-29,0.07350216182828895
2015-12-30,-0.040084388185654074
2015-12-31,-0.043356643356643354
2016-01-04,-0.1449456975772766
2016-01-05,0.10063507572056674
2016-01-06,0.07922769640479355
2016-01-07,0.07217766810610726
2016-01-08,-0.08208668968162636
2016-01-11,-0.08963643961554535
2016-01-12,0.049116364470966234
2016-01-13,-0.07022533362502725
2016-01-14,0.08235294117647052
2016-01-15,0.15521739130434775
2016-01-18,0.026910048927361707
2016-01-19,-0.13615539673813448
2016-01-20,-0.09079338141705551
2016-01-21,-0.15002333177788163
2016-01-22,0.21136426022508936
2016-01-25,-0.15839564921821891
2016-01-26,0.2886375875067313
2016-01-27,-0.026953614709569584
2016-01-28,0.0
2016-01-29,0.21365686063989697
2016-02-01,-0.1482661004953998
2016-02-02,-0.019318653926049034
2016-02-03,0.02880745604744761
2016-02-04,0.032324480131768585
2016-02-05,0.028520143597925873
2016-02-11,-0.010277292999805954
2016-02-12,-0.003526645768025083
2016-02-15,-0.014156508061344941
2016-02-16,-0.01695253290785792
2016-02-17,-0.1014404544532359
2016-02-18,0.06773538044705352
2016-02-19,-0.10890251638824278
2016-02-22,0.01708590412909361
2016-02-23,0.11992533831077923
2016-02-24,0.026874999999999982
2016-02-25,0.1085412862649624
2016-02-26,-0.07192532942898977
2016-02-29,0.17314139223032932
2016-03-01,-0.1174987392839133
2016-03-02,0.08171428571428585
2016-03-03,-0.10706110230674415
2016-03-04,-0.11260106487872212
2016-03-07,0.06355555555555559
2016-03-08,-0.04492269118261594
2016-03-09,0.07831984248523294
2016-03-10,0.0
2016-03-11,-0.02901196997362554
2016-03-14,0.06707062264939401
2016-03-15,0.03152535735265327
2016-03-16,-0.07118451025056938
2016-03-17,-0.10954424688330278
2016-03-18,-0.19669497360569188
2016-03-21,0.20399999999999974
2016-03-22,0.041765543426673046
2016-03-23,0.1389521640091116
2016-03-24,0.1876
2016-03-29,0.03452340855506897
2016-03-30,0.0444408269575125
2016-03-31,0.4306421446384041
2016-04-01,-0.23891491447870128
2016-04-05,-0.069567706842256
2016-04-06,-0.05492307692307696
2016-04-07,-0.11981116718215856
2016-04-08,-0.09524690216386167
2016-04-11,-0.06909239574816028
2016-04-12,0.07575757575757569
2016-04-13,-0.0332720963461931
2016-04-14,0.11993243243243246
2016-04-15,-0.08427601809954743
2016-04-18,-0.10809141445336634
2016-04-19,-0.03370267774699898
2016-04-20,-0.0040611562350693076
2016-04-21,0.11753418085871914
2016-04-22,0.05795235028976187
2016-04-25,-0.04361939541489146
2016-04-26,0.04560882477725925
2016-04-27,-0.009738283627510724
2016-04-28,-0.0278631427986068
2016-04-29,0.2946259220231824
2016-05-03,-0.17727494709425362
2016-05-04,0.010486743173723667
2016-05-05,-0.048952418249461394
2016-05-06,0.03314803376569908
2016-05-09,-0.20286966919091276
2016-05-10,0.10275000000000012
2016-05-11,-0.0648379052369078
2016-05-12,0.04751515151515151
2016-05-13,0.11987965748669294
2016-05-16,-0.025831783426327748
2016-05-17,-0.01887993211709804
2016-05-18,0.09275675675675688
2016-05-19,-0.03897902651365259
2016-05-20,0.07720815318097585
2016-05-23,-0.04778287461773689
2016-05-24,-0.08249698916097958
2016-05-25,0.20323780354408227
2016-05-26,0.003272727272727316
2016-05-27,-0.05183037332366802
2016-05-30,0.07951070336391441
2016-05-31,0.06869688385269113
2016-06-01,-0.03561961563949634
2016-06-02,-0.15633052740079023
2016-06-03,-0.08002443494196709
2016-06-06,0.07901726427622857
2016-06-07,0.062358974358974306
2016-06-08,0.03089399497972578
2016-06-10,-0.06686645439220817
2016-06-13,-0.07165796868727425
2016-06-14,-0.07329729729729728
2016-06-15,0.13322445170321973
2016-06-16,-0.02944204241301218
2016-06-17,0.015273652948663452
2016-06-20,-0.04847471792728797
2016-06-21,-0.011857707509881354
2016-06-22,-0.031777777777777794
2016-06-23,0.16387422538443897
2016-06-24,0.09169788996253203
2016-06-27,0.08544075144508678
2016-06-28,-0.022632717590281293
2016-06-29,-0.03916226800612965
2016-06-30,1.1169590643274852
2016-07-04,-0.5141469948099782
2016-07-05,-0.003101309441764344
2016-07-06,-0.10110611821638438
2016-07-07,-0.11074793308979047
2016-07-08,0.1351351351351351
2016-07-11,-0.047428571428571376
2016-07-12,0.03559288142371542
2016-07-13,0.05097509171654746
2016-07-14,-0.07808194010655878
2016-07-15,-0.01434834595456369
2016-07-18,-0.0034371209057824093
2016-07-19,-0.0714140799350782
2016-07-20,0.12366178719685372
2016-07-21,-0.11646898697258401
2016-07-22,0.07482394366197176
2016-07-25,-0.06122031122031124
2016-07-26,0.12170119956379488
2016-07-27,0.055609566400933286
2016-07-28,0.058205931110701936
2016-07-29,0.08651000870322023
2016-08-01,-0.13024671579621927
2016-08-03,-0.046785780069994454
2016-08-04,-0.026859903381642458
2016-08-05,-0.09849086576648136
2016-08-08,0.22995594713656375
2016-08-09,-0.0372492836676217
2016-08-10,-0.030133928571428603
2016-08-11,-0.02742616033755274
2016-08-12,-0.049891540130151846
2016-08-15,0.06745537567455373
2016-08-16,0.0
2016-08-17,0.11102469375850688
2016-08-18,0.09922996149807495
2016-08-19,0.17624582072918327
2016-08-22,0.16499729290741727
2016-08-23,-0.02114557917973725
2016-08-24,-0.13910979228486653
2016-08-25,-0.13222114986901978
2016-08-26,-0.034953924372418066
2016-08-29,0.058939743167599534
2016-08-30,0.0883084577114428
2016-08-31,0.2929999999999997
2016-09-01,-0.15202740028726103
2016-09-02,-0.02045602605863195
2016-09-05,-0.009577015163607316
2016-09-06,-0.0022831050228311334
2016-09-07,-0.11024363979001195
2016-09-08,0.07019667170953081
2016-09-09,-0.013429459994345416
2016-09-12,0.07121364092276816
2016-09-13,0.0029427501337615514
2016-09-14,-0.004534542544678666
2016-09-15,-0.05560021436227225
2016-09-19,0.058873599092069906
2016-09-20,0.0
2016-09-21,-0.05024115755627012
2016-09-22,-0.052757793764987904
2016-09-23,-0.004765450483991129
2016-09-26,0.02064940894807732
2016-09-27,0.07858085324732422
2016-09-28,-0.029087943455212817
2016-09-29,0.18003639927201465
2016-09-30,1.5739708150433027
2016-10-03,-0.5901087758112095
2016-10-04,-0.048240188912627824
2016-10-05,-0.1033790170132326
2016-10-06,0.025958624324680546
2016-10-07,0.027485229899820274
2016-10-11,-0.053625000000000034
2016-10-12,0.13683793422269175
2016-10-13,-0.016033461136284344
2016-10-14,-0.07084661707403472
2016-10-17,-0.006099885627144475
2016-10-18,0.04117120572816768
2016-10-19,-0.012157681444185275
2016-10-20,0.030084535057185446
2016-10-24,0.37931450639633124
2016-10-25,0.09685886779245778
2016-10-26,0.16520421186981493
2016-10-27,-0.18942972547408776
2016-10-28,-0.049070945945946076
2016-10-31,0.13802291500133235
2016-11-01,0.036369312417076305
2016-11-02,-0.01716996761804357
2016-11-03,-0.04497739636809428
2016-11-04,-0.0013639281129653735
2016-11-07,-0.05037358399614367
2016-11-08,0.12098138747884946
2016-11-09,-0.14150943396226412
2016-11-10,-0.014153846153846183
2016-11-11,-0.15766006777242736
2016-11-14,-0.026042769426212198
2016-11-15,0.20336956521739125
2016-11-16,-0.056453798211543726
2016-11-17,-0.1791116216733677
2016-11-18,-0.10927113702623914
2016-11-21,-0.04150301125949207
2016-11-22,-0.14437918317169784
2016-11-23,0.16028097062579816
2016-11-24,0.09576224545954881
2016-11-25,0.12330487192365647
2016-11-28,0.05197853789403095
2016-11-29,0.46488152162363194
2016-11-30,1.4654722181923692
2016-12-01,-0.6094913060107683
2016-12-02,-0.16740751902358164
2016-12-05,0.0008144059361143707
2016-12-06,-0.028028933092224317
2016-12-07,-0.016093023255813965
2016-12-08,-0.020894393495320074
2016-12-09,0.05870992661259167
2016-12-12,0.07497263772345875
2016-12-13,0.2772781265908706
2016-12-14,0.02491032283778405
2016-12-15,-0.0532762978806145
2016-12-16,0.12473471623194343
2016-12-19,-0.047842230202690184
2016-12-20,-0.24087451256152925
2016-12-21,-0.05566315789473675
2016-12-22,0.12903513465311223
2016-12-23,0.8645446647184267
2016-12-28,0.010590079213792514
2016-12-29,0.19759399756884788
2016-12-30,1.3175247628714426
2017-01-03,-0.44498142386806416
2017-01-04,-0.15931972789115645
2017-01-05,-0.22547337756918595
2017-01-06,-0.039575410589661075
2017-01-09,-0.0853276477243059
2017-01-10,-0.15222872365729512
2017-01-11,-0.4609168957970933
2017-01-12,-0.17466430727594462
2017-01-13,0.05851935931391106
2017-01-16,0.021208149648516583
2017-01-17,-0.024967915062419688
2017-01-18,-0.029915041282757016
2017-01-19,-0.14098926853336635
2017-01-20,-0.08457782883400333
2017-01-23,0.05317647058823538
2017-01-24,-0.007893952934167503
2017-01-25,0.07776610118600824
2017-01-26,-0.05474300041788549
2017-01-27,1.786914235190097
2017-02-01,-0.4489741962774958
2017-02-02,-0.3350926014777852
2017-02-03,-0.04647135228748733
2017-02-06,0.045406387165128015
2017-02-07,-0.038222093528304635
2017-02-08,0.010687942194791633
2017-02-09,-0.021298778671432816
2017-02-10,-0.027088723177598584
2017-02-13,-0.03910527139058351
2017-02-14,0.022139020022790223
2017-02-15,-0.0766045548654245
2017-02-16,0.044153156260779536
2017-02-17,0.06772381896266944
2017-02-20,0.12995049504950473
2017-02-21,-0.06325301204819278
2017-02-22,0.32578193510669395
2017-02-23,0.19490684599272412
2017-02-24,-0.18820924439523945
2017-02-27,-0.005796113194681207
2017-02-28,0.5070873342478281
2017-03-01,-0.37621359223300976
2017-03-02,-0.09691147859922167
2017-03-03,-0.05533862932543421
2017-03-06,-0.003990877993158559
2017-03-07,-0.02232398397252422
2017-03-08,-0.023565573770491843
2017-03-09,-0.031629440863438774
2017-03-10,0.014551083591331171
2017-03-13,0.013579493439121126
2017-03-14,0.03387023934969147
2017-03-15,-0.05081537565521266
2017-03-16,-0.04233778186838466
2017-03-17,-0.07672593304501041
2017-03-20,0.005551700208188848
2017-03-21,0.012939958592132594
2017-03-22,-0.028615227388860465
2017-03-23,0.017008591969139175
2017-03-24,0.030862068965517242
2017-03-27,0.06924234821876563
2017-03-28,0.03347411231033948
2017-03-29,0.0
2017-03-30,-0.03995762070531261
2017-03-31,0.583793157811761
2017-04-03,-0.2605016922158073
2017-04-05,-0.048189527527258025
2017-04-06,-0.020082025173242646
2017-04-07,-0.08774714966084574
2017-04-10,-0.02879291251384275
2017-04-11,-0.011076722593256205
2017-04-12,0.0576511283149399
2017-04-13,-0.0775580127705966
2017-04-18,0.09741684956947494
2017-04-19,0.024153846153846192
2017-04-20,0.1057533423464021
2017-04-21,-0.10963184349952448
2017-04-24,0.07888312480927673
2017-04-25,-0.030264460472351762
2017-04-26,-0.06241796704098013
2017-04-27,0.04153056462902471
2017-04-28,0.8848566308243724
2017-05-02,-0.19633943427620615
2017-05-04,-0.11268855368234254
2017-05-05,-0.1547777777777778
2017-05-08,0.02353095832785601
2017-05-09,-0.020678140251733867
2017-05-10,-0.13704918032786884
2017-05-11,0.004103343465045706
2017-05-12,-0.014075980021189705
2017-05-15,0.02302732575990185
2017-05-16,-0.05942376950780315
2017-05-17,0.056955966815571246
2017-05-18,0.037735849056603765
2017-05-19,-0.016000000000000014
2017-05-22,-0.05011086474501114
2017-05-23,0.0309679427326488
2017-05-24,0.1159245283018866
2017-05-25,-0.014473150277289348
2017-05-26,0.02937139720010995
2017-05-29,0.10240000000000005
2017-05-31,0.3466376390904691
2017-06-01,-0.028112089096461235
2017-06-02,-0.19794843360133074
2017-06-05,-0.09885931558935368
2017-06-06,-0.017261219792865434
2017-06-07,-0.01665365599791835
2017-06-08,0.030166710770044958
2017-06-09,-0.004623683534549228
2017-06-12,0.08296774193548395
2017-06-13,0.11509591326105095
2017-06-14,0.23261032161555728
2017-06-15,0.1269070735090152
2017-06-16,0.08238461538461528
2017-06-19,-0.002487385402601072
2017-06-20,0.0024935879167853336
2017-06-21,-0.07106815436003133
2017-06-22,-0.17137173896411895
2017-06-23,-0.05364232296186877
2017-06-26,0.010439024390243912
2017-06-27,-0.010331176981751455
2017-06-28,-0.04526829268292676
2017-06-29,-0.0383200490496628
2017-06-30,2.6086494527680375
2017-07-03,-0.5677689113983687
2017-07-04,-0.12412289665508558
2017-07-05,-0.14863498483316473
2017-07-06,-0.1614288324502101
2017-07-07,-0.06427715437411485
2017-07-10,-0.0768424729304924
2017-07-11,0.04048429814604626
2017-07-12,0.008606060606060728
2017-07-13,-0.008532628289869004
2017-07-14,0.056242424242424205
2017-07-17,0.024672940096396534
2017-07-18,-0.008063612946578536
2017-07-19,-0.044371683414248464
2017-07-20,-0.1033790170132326
2017-07-21,0.01647120832784288
2017-07-24,0.06948405496499865
2017-07-25,-0.018181818181818188
2017-07-26,0.0185185185185186
2017-07-27,0.0019393939393939075
2017-07-28,0.36269053955964203
2017-07-31,5.339399857954545
2017-08-01,-0.6038763706639405
2017-08-02,-0.6553772184119353
2017-08-03,-0.1207427164546574
2017-08-04,-0.20161008050402507
2017-08-07,0.03857957036387538
2017-08-08,0.03517658646404964
2017-08-09,-0.10153595215441069
2017-08-10,0.16172465960665638
2017-08-11,-0.009376220862091444
2017-08-14,-0.05560667805968189
2017-08-15,-0.08045657015590213
2017-08-16,0.08567968513472612
2017-08-17,-0.044757389849414464
2017-08-18,0.00116771274266525
2017-08-21,-0.010642950867473355
2017-08-22,0.01046271735926907
2017-08-24,0.008896018667055472
2017-08-25,0.0
2017-08-28,0.032523850823937384
2017-08-29,-0.030239395212095732
2017-08-30,1.7815793272701024
2017-08-31,0.5662756902636497
2017-09-01,-0.7526757016468405
2017-09-04,-0.028670953912111496
2017-09-05,0.0
2017-09-06,0.7093793103448276
2017-09-07,0.09828128782377155
2017-09-08,-0.4122400999191831
2017-09-11,-0.013375000000000026
2017-09-12,-0.04168250348409985
2017-09-13,-0.02617662612374394
2017-09-14,-0.045479228889492296
2017-09-15,0.03626795619399803
2017-09-18,0.12736755421356039
2017-09-19,0.2152422692963234
2017-09-20,1.7387297134842719
2017-09-21,0.8661935767064157
2017-09-22,-0.21596299345329095
2017-09-25,-0.5134000000000001
2017-09-26,-0.12474311549527328
2017-09-27,0.1655905142052123
2017-09-28,0.551291735911769
2017-09-29,1.9877937930138945
2017-10-03,-0.6608501021339477
2017-10-04,-0.2551419234958672
2017-10-06,-0.15974193548387094
2017-10-09,-0.36747542997543003
2017-10-10,-0.025977178926924083
2017-10-11,-0.06829511465603189
2017-10-12,-0.04137685036561445
2017-10-13,-0.054790697674418576
2017-10-16,0.019289440015746395
2017-10-17,-0.051752437964661446
2017-10-18,-0.01629161999796358
2017-10-19,0.5933133216023188
2017-10-20,0.5881244721626713
2017-10-23,-0.014685429109056791
2017-10-24,-0.06883381076929473
2017-10-25,0.18707922778545627
2017-10-26,-0.002666666666666595
2017-10-27,0.009414777434661348
2017-10-30,1.0785703626324428
2017-10-31,3.809006712854938
2017-11-01,-0.7953898234233696
2017-11-02,-0.16579412998668386
2017-11-03,-0.09098661768564675
2017-11-06,0.20276154049698092
2017-11-07,-0.01641999999999999
2017-11-08,-0.031232843286768674
2017-11-09,-0.026992422811325967
2017-11-10,-0.06624673727808095
2017-11-13,-0.11634246638636048
2017-11-14,0.10643137254901958
2017-11-15,-0.11559273174074325
2017-11-16,-0.13647171978946815
2017-11-17,-0.07181089694006992
2017-11-20,-0.2351333333333333
2017-11-21,-0.13462041314390305
2017-11-22,-0.07463363045777305
2017-11-23,0.039836734693877496
2017-11-24,2.618726121316795
2017-11-27,-0.0844481726277424
2017-11-28,-0.18872425123214975
2017-11-29,-0.356387639464922
2017-11-30,0.12585466206813112
2017-12-01,-0.12667275756435759
2017-12-04,-0.4456
2017-12-05,-0.26856476856476863
2017-12-06,-0.14227179603915308
2017-12-07,0.012561924982307238
2017-12-08,-0.28236938668530487
2017-12-11,0.08704650596542485
2017-12-12,-0.08209205958113996
2017-12-13,0.3355295265983407
2017-12-14,1.1485474145806687
2017-12-15,-0.016710604643251914
2017-12-18,-0.5660108108108108
2017-12-19,-0.017835791151853297
2017-12-20,0.06340671603936276
2017-12-21,0.49742415569547793
2017-12-22,0.3777395514780837
2017-12-27,1.7481618497109825
2017-12-28,-0.12165777650641951
2017-12-29,1.5670989865706244
2018-01-02,-0.4932014925373135
2018-01-03,-0.34576136413835756
2018-01-04,-0.05950934053567403
2018-01-05,-0.14232039439046573
2018-01-08,-0.03088813861993911
2018-01-09,-0.2113036968789589
2018-01-10,-0.14277370131055378
2018-01-11,-0.37794906737075207
2018-01-12,0.32518655439172983
2018-01-15,0.029550033579583523
2018-01-16,0.0035626473982639517
2018-01-17,-0.010700000000000043
2018-01-18,1.478318002628121
2018-01-19,-0.5550004078636104
2018-01-22,-0.1980202557169699
2018-01-23,0.0806285714285715
2018-01-24,-0.14541801068161386
2018-01-25,-0.022090217189530303
2018-01-26,0.2756896988104276
2018-01-29,1.5153514210604633
2018-01-30,0.8522046064047957
2018-01-31,0.2570239223243087
2018-02-01,-0.6028745415893826
2018-02-02,-0.28548273582290085
2018-02-05,-0.10882607527684085
2018-02-06,-0.3774994138727936
2018-02-07,-0.08533304637899486
2018-02-08,-0.2264705882352941
2018-02-09,0.11079847908745255
2018-02-12,0.11734100088998423
2018-02-13,-0.08970038600575936
2018-02-14,-0.13461667900652907
2018-02-15,0.45002722252469485
2018-02-20,-0.045003486563321426
2018-02-21,-0.29088968771062684
2018-02-22,0.11453465346534664
2018-02-23,0.020325492146968882
2018-02-26,0.014905620951452203
2018-02-27,-0.00487269233408838
2018-02-28,1.9384137931034484
2018-03-01,-0.6223859929119628
2018-03-02,-0.4261918080676239
2018-03-05,-0.20266464471403822
2018-03-06,-0.3207444640673821
2018-03-07,-0.07140000000000002
2018-03-08,0.1460262761145812
2018-03-09,0.0
2018-03-12,0.026874647622627368
2018-03-13,0.058931185944363085
2018-03-14,0.006049083995852023
2018-03-15,0.11046211991066834
2018-03-16,-0.08013613861386149
2018-03-19,0.0331315169862092
2018-03-20,0.06397525638938628
2018-03-21,-0.18727050183598537
2018-03-22,0.06908885542168663
2018-03-23,0.6539883782356049
2018-03-26,1.1101884381986586
2018-03-27,0.43428686746380096
2018-03-28,-0.20605719511766152
2018-03-29,1.626644809711577
2018-04-03,-0.6210909826940594
2018-04-04,-0.015892094017094127
2018-04-06,-0.37802505993576685
2018-04-09,0.07010909090909068
2018-04-10,-0.40777490825064566
2018-04-11,-0.36068395685104426
2018-04-12,0.06426135343744388
2018-04-13,0.831168831168831
2018-04-16,0.6957723127935893
2018-04-17,0.07468361305741134
2018-04-18,-0.2184372788840595
2018-04-19,-0.030005173305742372
2018-04-20,-0.01426666666666665
2018-04-23,0.01447315027728946
2018-04-24,2.355066666666667
2018-04-25,0.3010769781027698
2018-04-26,0.08106539601087381
2018-04-27,-0.23309694007289583
2018-04-30,0.14933868769111736
2018-05-02,-0.20893369448495824
2018-05-03,-0.1331320785298944
2018-05-04,-0.0634553358575235
2018-05-07,0.14439370118040462
2018-05-08,-0.5222321564864687
2018-05-09,-0.10018713770596555
2018-05-10,-0.04347164451658736
2018-05-11,-0.4885718831203266
2018-05-14,0.07393197843218569
2018-05-15,-0.0862218789224678
2018-05-16,0.5378275570583262
2018-05-17,-0.15150474096468325
2018-05-18,0.27977973925014177
2018-05-21,-0.2305112629713998
2018-05-23,0.22465257791300064
2018-05-24,0.24098569797891622
2018-05-25,0.041553944378313945
2018-05-28,0.029662337662337723
2018-05-29,1.40996922455981
2018-05-30,0.9331142187238317
2018-05-31,0.6414268851322813
2018-06-01,-0.6656418444161483
2018-06-04,0.055664081769569496
2018-06-05,0.17824299065420557
2018-06-06,-0.024652579478393277
2018-06-07,0.21871442048079115
2018-06-08,0.2011370764323559
2018-06-11,-0.019444444444444486
2018-06-12,-0.3909348441926346
2018-06-13,-0.4066418604651163
2018-06-14,-0.04480607029755734
2018-06-15,-0.017561712184874012
2018-06-19,0.4916301914531056
2018-06-20,0.27359272450328165
2018-06-21,0.2154528026452327
2018-06-22,1.18192078950034
2018-06-25,0.19611237117504277
2018-06-26,-0.4978237606524837
2018-06-27,0.38249550076735384
2018-06-28,0.40901975817400604
2018-06-29,0.5307630831665997
2018-07-03,0.1249671382710471
2018-07-04,-0.33619137584301284
2018-07-05,-0.44608015708130244
2018-07-06,-0.7126143545124156
2018-07-09,0.7542750350412708
2018-07-10,0.1477601605085137
2018-07-11,-0.05414352675463685
2018-07-12,-0.48715306739937525
2018-07-13,0.15604171317409188
2018-07-16,-0.1977103448275862
2018-07-17,-0.153285424474779
2018-07-18,-0.10107614213197968
2018-07-19,-0.21132996024575346
2018-07-20,-0.49473020964600767
2018-07-23,-0.05260174583380561
2018-07-24,0.22005504367596007
2018-07-25,3.164770498234602
2018-07-26,-0.2480925018839487
2018-07-27,-0.17059726267656372
2018-07-30,-0.005399894267804517
2018-07-31,2.1067998025741295
2018-08-01,-0.3778443113772456
2018-08-02,0.12451140225098722
2018-08-03,0.006829694323144064
2018-08-06,0.06384344477021564
2018-08-07,0.08853410740203183
2018-08-08,-0.035041198501872706
2018-08-09,0.06016053158621992
2018-08-10,-0.05334914916673994
2018-08-13,-0.09586498151385292
2018-08-14,0.12007665195222939
2018-08-15,0.01964438469998786
2018-08-16,0.07731835205992521
2018-08-17,0.25253438277871254
2018-08-20,-0.058476091083700665
2018-08-21,0.0048346776095467
2018-08-22,-0.0536414204238741
2018-08-23,-0.148803987946877
2018-08-24,-0.13691126553326627
2018-08-27,0.026905224069541545
2018-08-28,0.10156314206347905
2018-08-29,0.29975528962368325
2018-08-30,0.03833216618641444
2018-08-31,0.22567056586250356
2018-09-03,0.24999774484245463
2018-09-04,-0.25025438223004814
2018-09-05,-0.2021310386647801
2018-09-06,-0.11978092239392957
2018-09-07,-0.08295871936845567
2018-09-10,0.033357743868721146
2018-09-11,0.035115629926384395
2018-09-12,0.2999119755208115
2018-09-13,0.9761920116943981
2018-09-14,0.062548611148882
2018-09-17,-0.07486294322701514
2018-09-18,0.0350740322687737
2018-09-19,-0.08476460808997655
2018-09-20,0.0018806873269709978
2018-09-21,0.07724326088984235
2018-09-24,1.0850389098741249
2018-09-26,-0.42602897587765975
2018-09-27,0.4428265873213262
2018-09-28,0.21670098504721524
2018-10-02,-0.6848207431983391
2018-10-03,-0.2355484361336091
2018-10-04,0.030929267875470456
2018-10-05,-0.08481888228644918
2018-10-08,0.41238526912181306
2018-10-09,0.06761711447895191
2018-10-10,-0.3411111361603957
2018-10-11,-0.18221010732330434
2018-10-12,0.04694364252541727
2018-10-15,-0.056108380290132986
2018-10-16,-0.026461746898683303
2018-10-18,0.015786726972253806
2018-10-19,-0.0096759001584108
2018-10-22,0.0077241220295993784
2018-10-23,0.017360465615124054
2018-10-24,0.012552183630153424
2018-10-25,-0.14155422288855568
2018-10-26,-0.20068241724478075
2018-10-29,-0.1279006251390884
2018-10-30,-0.2294986893080011
2018-10-31,0.8471126633347386
2018-11-01,-0.18500407497962512
2018-11-02,-0.08857999999999999
2018-11-05,-0.014087906782822346
2018-11-06,0.08424402946871723
2018-11-07,0.19208030545633692
2018-11-08,0.042448037746896095
2018-11-09,-0.14809369631293778
2018-11-12,0.03878148571871787
2018-11-13,0.10567284538276289
2018-11-14,-0.4163458941112911
2018-11-15,0.13329090856498227
2018-11-16,0.13400035733428628
2018-11-19,-0.10706970672308624
2018-11-20,-0.01784633998790086
2018-11-21,-0.05315162714300381
2018-11-22,0.278318380180522
2018-11-23,0.45397680286677566
2018-11-26,0.0036458561199339545
2018-11-27,0.036849217535345424
2018-11-28,-0.06405818630267535
2018-11-29,0.14010421345791046
2018-11-30,1.0028105012936184
2018-12-03,-0.5318491803278689
2018-12-04,0.057022397153782656
2018-12-05,0.14055708682285584
2018-12-06,-0.09004194211755412
2018-12-07,-0.04107455216353206
2018-12-10,0.05329942479761396
2018-12-11,0.01039098941939387
2018-12-12,0.0008882883559160337
2018-12-13,0.009824999999999973
2018-12-14,0.3222711856014657
2018-12-17,0.147779930912461
2018-12-18,-0.2309900739762003
2018-12-19,-0.17386462465265262
2018-12-20,0.04630711360456008
2018-12-21,0.6108711656441719
2018-12-24,0.5590314275703427
2018-12-27,0.2866830500442157
2018-12-28,0.07621593502356117
2018-12-31,0.6243680075080531
2019-01-02,-0.6959119708596786
2019-01-03,0.14592142857142854
2019-01-04,0.13043776374595617
2019-01-07,-0.5013702406881531
2019-01-08,-0.44517798493845995
2019-01-09,-0.5109622897233517
2019-01-10,-0.035661884577763314
2019-01-11,-0.11474578420185111
2019-01-14,0.1662847321684331
2019-01-15,0.16738302836792318
2019-01-16,0.16217827337120427
2019-01-17,-0.08728841686027222
2019-01-18,-0.042512396694214805
2019-01-21,0.3686990747134373
2019-01-22,-0.15044270110738345
2019-01-23,-0.09174856735651293
2019-01-24,-0.10216090751577367
2019-01-25,0.08323623652781831
2019-01-28,0.010789915966386454
2019-01-29,0.013069069867979177
2019-01-30,0.9824382878151259
2019-01-31,1.2994717930886028
2019-02-01,-0.5087994700155539
2019-02-04,0.6795819040079749
2019-02-08,-0.2782117638844035
2019-02-11,-0.10774402631324376
2019-02-12,0.11035968882985925
2019-02-13,-0.20641042854178615
2019-02-14,-0.09091328555169342
2019-02-15,-0.02899825739760087
2019-02-18,0.38830519401320696
2019-02-19,-0.28642427741312015
2019-02-20,-0.0408568865750919
2019-02-21,0.004565958851358687
2019-02-22,-0.015588777540477827
2019-02-25,-0.0972760481373659
2019-02-26,-0.09105848037302544
2019-02-27,-0.05891525423728805
2019-02-28,1.4948490742741876
2019-03-01,-0.37882244232046425
2019-03-04,0.20585409693814283
2019-03-05,-0.02156230323434538
2019-03-06,-0.17589272815623247
2019-03-07,-0.04951394422310751
2019-03-08,-0.007494592827322566
2019-03-11,0.17464017839043167
2019-03-12,-0.14661892024045786
2019-03-13,0.02708168321003046
2019-03-14,0.01729399796541209
2019-03-15,0.09043548387096756
2019-03-18,0.002647654828642043
2019-03-19,0.08113769804974469
2019-03-20,0.133040416996425
2019-03-21,0.32795414037285053
2019-03-22,0.6446929299524791
2019-03-25,0.17329907309891546
2019-03-26,-0.21114641000817735
2019-03-27,-0.0687251648724807
2019-03-28,0.01713781257796465
2019-03-29,0.6814905660377357
2019-04-01,-0.45498341169297973
2019-04-02,0.1610346294796654
2019-04-03,-0.002009705696333408
2019-04-04,0.1028020777190104
2019-04-08,0.020048765816666148
2019-04-09,0.06919427786172738
2019-04-10,0.45884936795505005
2019-04-11,0.1276658227848102
2019-04-12,-0.49625678373758875
2019-04-15,0.07554995662146591
2019-04-16,0.1748232044198894
2019-04-17,-0.29459234491612707
2019-04-18,0.14237999999999995
2019-04-23,-0.01688288193654186
2019-04-24,0.1391810713268118
2019-04-25,-0.01051529094215553
2019-04-26,-0.1348496258419215
2019-04-29,0.0517390404538427
2019-04-30,0.3668642135358189
2019-05-02,-0.26991002434635325
2019-05-03,-0.14135673233620794
2019-05-06,-0.31444395663773606
2019-05-07,-0.12948768472906402
2019-05-08,-0.06466946591667888
2019-05-09,0.044081168399017434
2019-05-10,0.007451962079595864
2019-05-14,-0.015414878809143051
2019-05-15,-0.04235357347322666
2019-05-16,-0.02396173930018053
2019-05-17,-0.020762500000000017
2019-05-20,0.2637383678627503
2019-05-21,0.06565656565656552
2019-05-22,-0.11781042654028429
2019-05-23,-0.05084290487907084
2019-05-24,0.22215555983201063
2019-05-27,0.2874661924345152
2019-05-28,0.15544604316546784
2019-05-29,-0.03624375027240412
2019-05-30,-0.22565994340573448
2019-05-31,0.6456527361772779
2019-06-03,-0.3157070212884614
2019-06-04,-0.013024923687876
2019-06-05,-0.06219316288077836
2019-06-06,0.03258650913718997
2019-06-10,-0.21068992248062013
2019-06-11,-0.004203455082939733
2019-06-12,0.5692108922706696
2019-06-13,0.4626760607641398
2019-06-14,-0.25524445475717816
2019-06-17,-0.03358508201545107
2019-06-18,-0.11599402985074636
2019-06-19,0.10263319623694045
2019-06-20,0.15432295367126447
2019-06-21,0.20030350623991855
2019-06-24,0.0723076379003953
2019-06-25,0.03769205717089008
2019-06-26,0.05079574437655432
2019-06-27,-0.031618147448015055
2019-06-28,0.16092950257088967
2019-07-02,-0.3117935680007533
2019-07-03,0.12635174425707207
2019-07-04,0.3633405639913232
2019-07-05,-0.02898011137629286
2019-07-08,-0.26932618477238535
2019-07-09,-0.11034714747039831
2019-07-10,-0.15952550199892113
2019-07-11,-0.023135429538011176
2019-07-12,-0.2802642809335798
2019-07-15,-0.31809340181207024
2019-07-16,-0.017878367050757404
2019-07-17,0.14175796178343947
2019-07-18,0.22211808809746936
2019-07-19,0.1675887379491674
2019-07-22,0.03993181800411305
2019-07-23,-0.16951879699248118
2019-07-24,-0.017047820812283954
2019-07-25,0.06513709922539168
2019-07-26,0.04076338386240419
2019-07-29,0.1632061284345736
2019-07-30,0.15076428571428568
2019-07-31,0.08424214962726628
2019-08-01,-0.31146846501296666
2019-08-02,-0.20052880138353069
2019-08-05,0.5533103147034966
2019-08-06,0.06341852072551002
2019-08-07,-0.4693286490502364
2019-08-08,-0.06652350331015833
2019-08-09,-0.44189682126107344
2019-08-12,-0.18678690988590552
2019-08-13,0.34719538491696755
2019-08-14,-0.1403122206747459
2019-08-15,1.9015644268201273
2019-08-16,0.6392833333333334
2019-08-19,-0.47753083156257303
2019-08-20,-0.019187172227249416
2019-08-21,-0.03704181340211288
2019-08-22,-0.09480689392300479
2019-08-23,-0.0375221923794784
2019-08-26,0.1266982771872156
2019-08-27,-0.2278928698864472
2019-08-28,-0.29223471204686624
2019-08-29,0.1694225192525589
2019-08-30,1.154254183567898
2019-09-02,0.35855586641154447
2019-09-03,-0.5679351790543953
2019-09-04,-0.47031168831168835
2019-09-05,-0.08757907124993869
2019-09-06,-0.03262213145590376
2019-09-09,0.108138888888889
2019-09-10,0.5559371318276389
2019-09-11,0.14270754458603863
2019-09-12,-0.018130806863201232
2019-09-13,0.11563258331777782
2019-09-16,-0.33716021416803954
2019-09-17,-0.12240776699029132
2019-09-18,-0.17344455261527558
2019-09-19,-0.11280349064432371
2019-09-20,0.028542980418188035
2019-09-23,-0.08222593798586053
2019-09-24,0.23972383813846432
2019-09-25,0.02346207394420663
2019-09-26,2.7301239419588876
2019-09-27,0.24047922955879275
2019-09-30,0.6546747314608639
2019-10-02,-0.5453576328682027
2019-10-03,-0.046787138421902075
2019-10-04,-0.05802724084000177
2019-10-08,0.48935690048440006
2019-10-09,-0.20912298550756014
2019-10-10,-0.33480221426958523
2019-10-11,-0.17560227950706686
2019-10-14,0.4349350535917047
2019-10-15,-0.30061739130434784
2019-10-16,0.002213132079225133
2019-10-17,0.24058704579006784
2019-10-18,0.22536
2019-10-21,0.10025625122413007
2019-10-22,-0.05694958500530323
2019-10-23,-0.03820108067294303
2019-10-24,0.12324387092553524
2019-10-25,0.36817927007724394
2019-10-28,-0.12523878698870317
2019-10-29,-0.4082108118958836
2019-10-30,0.6934605184713114
2019-10-31,0.4391927162367224
2019-11-01,-0.3709886253885376
2019-11-04,-0.3390839663946682
2019-11-05,-0.28840125391849525
2019-11-06,-0.05779621630098519
2019-11-07,0.1975215240055077
2019-11-08,0.07310817128488933
2019-11-11,0.5899869302593932
2019-11-12,0.39063657098847715
2019-11-13,0.14187958633763942
2019-11-14,0.09493585289303219
2019-11-15,-0.12564633325666774
2019-11-18,-0.040650604522471045
2019-11-19,-0.027084253659725555
2019-11-20,0.04380320134441851
2019-11-21,-0.0010700000000000154
2019-11-22,-0.11905739140880744
2019-11-25,-0.12127840909090903
2019-11-26,0.03156057030163906
2019-11-27,0.16924079831511385
2019-11-28,0.12923510743234567
2019-11-29,0.05510270932335759
2019-12-02,-0.2708751406074241
2019-12-03,-0.21327014218009477
2019-12-04,-0.059574234437751006
2019-12-05,-0.14626375184539542
2019-12-06,0.004191213107066272
2019-12-09,0.06844317319479298
2019-12-10,0.02439424153850367
2019-12-11,0.06729777777777768
2019-12-12,0.009819190312398529
2019-12-13,0.1522804123711341
2019-12-16,0.40925748314413735
2019-12-17,0.024485380384269506
2019-12-18,-0.0015913620274248252
2019-12-19,-0.014543703107853911
2019-12-20,-0.012773097387939414
2019-12-23,0.1219421320988725
2019-12-24,0.32104303046569704
2019-12-27,-0.028041309535698167
2019-12-30,-0.02796457041629752
2019-12-31,0.6628917796885081
2020-01-02,-0.5562462463778917
2020-01-03,-0.026164226582103378
2020-01-06,-0.056158859780375825
2020-01-07,-0.02559073101787912
2020-01-08,0.04825695865343782
2020-01-09,-0.029215398456366226
2020-01-10,0.28442753552498945
2020-01-13,-0.22679324894514774
2020-01-14,-0.23871214188267398
2020-01-15,-0.1961421014149929
2020-01-16,0.18290932113462266
2020-01-17,0.03935019411254759
2020-01-20,0.5257080689029918
2020-01-21,-0.0921908945269232
2020-01-22,0.01197084267191717
2020-01-23,-0.27702975420439846
2020-01-24,0.04575776228581252
2020-01-29,0.39330080009855783
2020-01-30,-0.008183876878337215
2020-01-31,0.020460117381937204
2020-02-03,-0.2140742394532995
2020-02-04,-0.07080263572306378
2020-02-05,-0.056724532113994086
2020-02-06,-0.15702217305836008
2020-02-07,-0.06388171476810178
2020-02-10,0.04177678571428567
2020-02-11,-0.04193556681150845
2020-02-12,-0.017891328073282864
2020-02-13,-0.08913704843969184
2020-02-14,0.1964300000000001
2020-02-17,0.1481072858420467
2020-02-18,-0.07648347808361777
2020-02-19,0.014922314101705192
2020-02-20,-0.06907184466019434
2020-02-21,-0.019665100911919975
2020-02-24,0.013072340425531959
2020-02-25,0.05100137773446667
2020-02-26,-0.03801545876729506
2020-02-27,-0.03664281975222472
2020-02-28,0.20627733071131016
2020-03-02,-0.10810327691856692
2020-03-03,-0.0984944443553688
2020-03-04,-0.21998719453633542
2020-03-05,-0.19421073032811176
2020-03-06,-0.04397345746261261
2020-03-09,0.01833626851755943
2020-03-10,-0.017134137480017575
2020-03-11,0.013736304357469198
2020-03-12,-0.07953617269544921
2020-03-13,0.09414169584990573
2020-03-16,0.6506777893639208
2020-03-17,0.050449217379097355
2020-03-18,0.06154886991964981
2020-03-19,-0.1302883669695898
2020-03-20,-0.3739415213143229
2020-03-23,0.2685471518164215
2020-03-24,0.10007290456336992
2020-03-25,0.6560768760808111
2020-03-26,-0.11254994403766683
2020-03-27,0.10291765601110425
2020-03-30,0.11369269688761685
2020-03-31,0.06118749749043495
2020-04-01,-0.5967837837837838
2020-04-02,0.16597627186808772
2020-04-03,0.16288401398086827
2020-04-06,-0.10381341269291999
2020-04-07,0.001963747890074252
2020-04-08,-0.03892271611191245
2020-04-09,-0.017184886465183458
2020-04-14,0.12267735994218176
2020-04-15,-0.02299865019208802
2020-04-16,-0.06059833147351079
2020-04-17,0.014944622311721556
2020-04-20,0.1297790757295405
2020-04-21,-0.04921219057391202
2020-04-22,0.13699426164015382
2020-04-23,-0.1227697109636674
2020-04-24,-0.05226854211966414
2020-04-27,-0.07187002579724466
2020-04-28,-0.11772011165255236
2020-04-29,-0.0009518064213418498
2020-05-04,-0.12076646449465944
2020-05-05,-0.6017489774739027
2020-05-06,-0.028281279938685566
2020-05-07,0.000709863154158441
2020-05-08,0.05745812807881778
2020-05-11,0.06499459620616399
2020-05-12,0.09917066172096423
2020-05-13,-0.0022921906338543296
2020-05-14,-0.07045534318261593
2020-05-15,-0.4090831073426934
2020-05-18,-0.2191820611130475
2020-05-19,-0.030131686630459065
2020-05-20,-0.09044185332924215
2020-05-21,0.01804841022180992
2020-05-22,1.8305028580896363
2020-05-25,-0.12614511077940693
2020-05-26,-0.17624007770372108
2020-05-27,0.0818052449684894
2020-05-28,-0.09707971586424613
2020-05-29,0.3047369297369298
2020-06-01,-0.2544584463231775
2020-06-02,-0.3805468783431042
2020-06-03,-0.08303398728930644
2020-06-04,-0.03947566671689007
2020-06-05,0.355764705882353
2020-06-08,0.07092444752979277
2020-06-09,-0.12413569576490924
2020-06-10,-0.1622671765141236
2020-06-11,-0.3032467054406244
2020-06-12,0.24904902789518157
2020-06-15,0.016665256746468238
2020-06-16,0.03120319520718917
2020-06-17,-0.03744049059953203
2020-06-18,-0.14871321988431552
2020-06-19,-0.005908419497784423
2020-06-22,0.1533432392273404
2020-06-23,0.11148329468350071
2020-06-24,-0.08925121706205075
2020-06-26,-0.04242321398269133
2020-06-29,-0.032163742690058506
2020-06-30,0.6560468735695322
2020-07-02,-0.28790977942395923
2020-07-03,-0.15899386693579698
2020-07-06,0.14068125173082247
2020-07-07,-0.0029133284777859147
2020-07-08,0.0029218407596784957
2020-07-09,-0.011572388120093868
2020-07-10,-0.09358113640085142
2020-07-13,-0.023575106133140622
2020-07-14,-0.06003700277520807
2020-07-15,0.0263753567562246
2020-07-16,-0.3013711765269921
2020-07-17,-0.05640955256656588
2020-07-20,-0.2692363636363637
2020-07-21,0.03423566878980888
2020-07-22,-0.03541185527328716
2020-07-23,-0.07721468475658422
2020-07-24,-0.07070270270270274
2020-07-27,0.0318752908329456
2020-07-28,0.04689966178128513
2020-07-29,0.06418264053413747
2020-07-30,-0.02894150981582677
2020-07-31,0.20716965402250942
2020-08-03,0.17765883977900576
2020-08-04,-0.060108488491423584
2020-08-05,0.08532210263609419
2020-08-06,-0.04785858005173904
2020-08-07,0.0
2020-08-10,-0.13207547169811318
2020-08-11,-0.03721739130434787
2020-08-12,0.03540462427745661
2020-08-13,-0.08094905792044671
2020-08-14,0.0271450265755504
2020-08-17,0.0
2020-08-18,-0.03973387543892071
2020-08-19,0.08602771362586603
2020-08-20,-0.09179514442672343
2020-08-21,0.06263414634146347
2020-08-24,0.059125964010282805
2020-08-25,-0.015429958391123488
2020-08-26,0.053354463814051734
2020-08-27,-0.05065195586760274
2020-08-28,5.1630568762106
2020-08-31,-0.19148571428571426
2020-09-01,-0.030708884020072214
2020-09-02,-0.17926282401837468
2020-09-03,0.04228855721393043
2020-09-04,-0.022076372315035786
2020-09-07,-0.32994857491501783
2020-09-08,-0.5737235772357723
2020-09-09,-0.14998474214220325
2020-09-10,0.019386106623586308
2020-09-11,0.025004402183482988
2020-09-14,-0.0091049647826833
2020-09-15,0.04022191400832176
2020-09-16,0.17266666666666675
2020-09-17,-0.048322910744741376
2020-09-18,0.248058542413381
2020-09-21,0.029915041282756905
2020-09-22,0.11897292901126999
2020-09-23,-0.17672100508773758
2020-09-24,-0.3289191575230168
2020-09-25,-0.042473219319676736
2020-09-28,-0.03022571148184494
2020-09-29,0.8660190244889698
2020-09-30,0.031019522776572606
2020-10-05,0.051967178624027
2020-10-06,-0.0726
2020-10-07,-0.39087772266551657
2020-10-08,-0.09275978049212252
2020-10-09,0.03141463414634149
2020-10-12,0.12485811577752548
2020-10-14,0.6187352842246889
2020-10-15,-0.34503896103896103
2020-10-16,0.18401015228426387
2020-10-19,-0.22963558413719176
2020-10-20,0.13356521739130423
2020-10-21,-0.06581773550168768
2020-10-22,-0.08507144030218416
2020-10-23,-0.015975587865733276
2020-10-27,-0.0684056913535207
2020-10-28,0.7086352065792052
2020-10-29,-0.3997249598899839
2020-10-30,5.12962962962963
2020-11-02,-0.41433332295138137
2020-11-03,-0.40459476707083597
2020-11-04,-0.39174705251875674
2020-11-05,-0.26578560939794404
2020-11-06,-0.1946
2020-11-09,-0.1236652594983858
2020-11-10,0.05043921790875583
2020-11-11,-0.019152953871054645
2020-11-12,0.20462046204620443
2020-11-13,-0.16506849315068495
2020-11-16,0.0043751709051134124
2020-11-17,-0.0013612850530901888
2020-11-18,0.05697928026172305
2020-11-19,-0.014444157854010764
2020-11-20,-0.026432870976184297
2020-11-23,0.01774193548387104
2020-11-24,-0.03301637612255681
2020-11-25,0.05845397432395538
2020-11-26,-0.04154838709677422
2020-11-27,0.19951534733441023
2020-11-30,-0.09405162738496076
2020-12-01,-0.10183349851337964
2020-12-02,0.2562758620689656
2020-12-03,0.012955643390426097
2020-12-04,-0.0013006720138737382
2020-12-07,0.07358367701324076
2020-12-08,0.0
2020-12-09,0.003639304488475492
2020-12-10,-0.04673650282030617
2020-12-11,0.01880811496196122
2020-12-14,-0.010993569798796954
2020-12-15,-0.007550335570469802
2020-12-16,0.0754437869822484
2020-12-17,-0.042051483592061234
2020-12-18,0.0036923076923076614
2020-12-21,-0.120376047414674
2020-12-22,-0.08108736059479549
2020-12-23,-0.036662452591656125
2020-12-24,-0.009448818897637823
2020-12-28,0.029146793852676156
2020-12-29,0.0023171987641605885
2020-12-30,-0.009247367069098344
2020-12-31,0.055483536427275215
2021-01-04,-0.01080815524441181
2021-01-05,-0.05537621057859454
2021-01-06,0.01866456361724511
2021-01-07,0.0015483870967740732
2021-01-08,0.6655501159494976
2021-01-11,0.09390470297029685
2021-01-12,0.005091217649554558
2021-01-13,-0.01758829323202482
2021-01-14,-0.2608135204812374
2021-01-15,-0.18852935477620625
2021-01-18,0.0
2021-01-19,-0.08954154727793706
2021-01-20,0.03724101757146614
2021-01-21,0.018204804045512057
2021-01-22,-0.010429600198659128
2021-01-25,-0.06122961104140523
2021-01-26,0.10505212510024076
2021-01-27,0.07135945815191103
2021-01-28,0.1289230074508918
2021-01-29,3.6213999999999995
2021-02-01,-0.3091271043406759
2021-02-02,-0.3344399899774493
2021-02-03,-0.033600000000000074
2021-02-04,-0.5148032723022984
2021-02-05,-0.21316740264953837
2021-02-08,0.12525510204081636
2021-02-09,-0.019043300838812116
2021-02-10,1.5546568061012245
2021-02-11,-0.09535009951148898
2021-02-16,-0.022600000000000064
2021-02-17,-0.41477388991201136
2021-02-18,-0.21223776223776225
2021-02-19,-0.09254327563248999
2021-02-22,-0.09464416727806324
2021-02-23,-0.009454349000540097
2021-02-24,0.0
2021-02-25,0.03899645486773928
2021-02-26,0.04986876640419946
2021-03-01,0.0
2021-03-02,-0.03125
2021-03-03,0.018322580645161457
2021-03-04,-0.024835276229092762
2021-03-05,0.0813409563409564
2021-03-08,-0.08171112713290074
2021-03-09,0.05312745354619208
2021-03-10,-0.017892644135188873
2021-03-11,-0.045040485829959453
2021-03-12,0.028351881293057657
2021-03-15,0.01236794640556571
2021-03-16,0.005853906846525758
2021-03-17,-0.0587044534412956
2021-03-18,0.046505376344086136
2021-03-19,-0.09170305676855883
2021-03-22,0.07748868778280538
2021-03-23,0.07480314960629908
2021-03-24,-0.13870573870573866
2021-03-25,0.03969379075701718
2021-03-26,0.029179165530406337
2021-03-29,0.03153153153153143
2021-03-30,-0.039815052658618066
2021-03-31,-0.0914927768860353
2021-04-01,0.020906949352179183
2021-04-07,0.07903086241707524
2021-04-08,-0.01978080727078313
2021-04-09,0.04199618216525769
2021-04-12,0.025909447788536877
2021-04-13,-0.028061224489795866
2021-04-14,-0.025196850393700898
2021-04-15,-0.06650511577813678
2021-04-16,0.1194115950389385
2021-04-19,-0.08271064158721975
2021-04-20,0.00983146067415741
2021-04-21,0.05980528511821981
2021-04-22,-0.018897637795275757
2021-04-23,-0.057249866238630154
2021-04-26,0.030363223609534584
2021-04-27,0.08840539796199387
2021-04-28,-0.017965587044534437
2021-04-29,-0.061324400927595946
2021-04-30,-0.009058468295360833
2021-05-03,-0.03961218836565095
2021-05-04,0.07383905393712142
2021-05-05,0.00725221595487513
2021-05-06,0.009600000000000053
2021-05-07,0.025092445853143186
2021-05-10,0.021386240659623912
2021-05-11,-0.003027245206861817
2021-05-12,-0.05566801619433204
2021-05-13,0.001607717041800516
2021-05-14,-0.038255751738897614
2021-05-17,0.06286509040333788
2021-05-18,-0.0217220622873594
2021-05-20,-0.038255751738897614
2021-05-21,0.12767732962447842
2021-05-24,-0.03527380365071531
2021-05-25,0.13679365891076456
2021-05-26,-0.1443994601889339
2021-05-27,-0.06414300736067291
2021-05-28,0.0016853932584268705
2021-05-31,0.20190689848569843
2021-06-01,-0.09449370041997207
2021-06-02,-0.08271064158721975
2021-06-03,-0.006741573033707815
2021-06-04,0.10605203619909487
2021-06-07,-0.02301201738685754
2021-06-08,-0.06542789845590169
2021-06-09,0.04004480537664512
2021-06-10,0.02584814216478204
2021-06-11,0.10131233595800504
2021-06-15,0.10653002859866545
2021-06-16,0.011415033383588291
2021-06-17,-0.1899488926746168
2021-06-18,-0.08859095688748686
2021-06-21,0.10210556677242577
2021-06-22,0.015702695629416397
2021-06-23,-0.07369234733316143
2021-06-24,0.07788595271210008
2021-06-25,0.10141935483870967
2021-06-28,0.050140581068416124
2021-06-29,-0.008032128514056214
2021-06-30,0.05240665766981545
2021-07-02,-0.17183158794614228
2021-07-05,-0.15122580645161288
2021-07-06,0.03253268470659765
2021-07-07,0.0842167255594819
2021-07-08,0.054046713742531116
2021-07-09,0.018294254058232484
2021-07-12,-0.037449392712550655
2021-07-13,-0.06414300736067291
2021-07-14,0.0702247191011236
2021-07-15,-0.009448818897637823
2021-07-16,-0.009538950715421435
2021-07-19,-0.02862493311931502
2021-07-20,0.05315340126686863
2021-07-21,-0.05805439330543927
2021-07-22,0.07745696835091609
2021-07-23,0.021386240659623912
2021-07-26,-0.06231079717457111
2021-07-27,0.22033898305084731
2021-07-28,0.059082892416225885
2021-07-29,-0.04100749375520396
2021-07-30,0.0013023659648361274
2021-08-02,0.060698027314112446
2021-08-03,-0.04373594931534852
2021-08-04,-0.030562085915794013
2021-08-05,0.016975308641975273
2021-08-06,-0.11359202254498146
2021-08-09,0.0
2021-08-10,-0.06334067009048672
2021-08-11,0.06997389033942558
2021-08-12,-0.06100536847242566
2021-08-13,0.027027027027026973
2021-08-16,-0.07135627530364363
2021-08-17,0.09482288828337859
2021-08-18,0.22224987555998
2021-08-19,-0.040114029729179435
2021-08-20,-0.0869749681798897
2021-08-23,-0.11617100371747224
2021-08-24,-0.0134069400630914
2021-08-25,0.0
2021-08-26,0.0
2021-08-27,0.044497735145217154
2021-08-30,0.0
2021-08-31,-0.028061224489795866
2021-09-01,-0.037532808398950124
2021-09-02,0.05835833106081245
2021-09-03,-0.03298119041484149
2021-09-06,-0.03170796695976563
2021-09-07,0.009080902586681372
2021-09-08,0.032451595309517245
2021-09-09,0.025092445853143186
2021-09-10,-0.061324400927595946
2021-09-13,0.04886082898709865
2021-09-14,-0.0185815231614761
2021-09-15,-0.02853333333333341
2021-09-16,-0.06780126269558062
2021-09-17,0.017373380447585296
2021-09-20,0.0723589001447178
2021-09-21,0.014574898785425061
2021-09-23,-0.01436552274541103
2021-09-24,-0.04723346828609987
2021-09-27,0.08328611898017013
2021-09-28,0.0
2021-09-29,0.0
2021-09-30,0.02745815899581583
2021-10-04,-0.05701196233138206
2021-10-05,-0.026990553306342813
2021-10-06,-0.042718446601941795
2021-10-07,0.03796001159084317
2021-10-08,0.023171412618648857
2021-10-11,0.029467939972714907
2021-10-12,-0.026504108136761184
2021-10-15,-0.05826300027225695
2021-10-18,0.05839838103498107
2021-10-19,-0.0049166894291177154
2021-10-20,0.006587976942080909
2021-10-21,0.012817016634851353
2021-10-22,-0.04792676359719972
2021-10-25,0.09587104072398178
2021-10-26,-0.018322580645161346
2021-10-27,-0.04705573080967407
2021-10-28,0.10841379310344834
2021-10-29,0.04430064708810355
2021-11-01,-0.03384175405147749
2021-11-02,-0.008880118401578652
2021-11-03,0.04878048780487787
2021-11-04,0.033934504034171864
2021-11-05,-0.1269221941703007
2021-11-08,0.01866456361724511
2021-11-09,0.018322580645161457
2021-11-10,0.0
2021-11-11,0.0
2021-11-12,0.18575772934617318
2021-11-15,-0.09938020944646297
2021-11-16,-0.03393450403417164
2021-11-17,0.05281257676246609
2021-11-18,0.21231917872141848
2021-11-19,0.03444957659738268
2021-11-22,-0.036465116279069676
2021-11-23,0.013709210272253136
2021-11-24,-0.022666666666666613
2021-11-25,0.15201715065289423
2021-11-26,0.03924885806124179
2021-11-29,-0.017418199576754057
2021-11-30,0.023691186216037163
2021-12-01,0.1126395856934781
2021-12-02,-0.1584000000000001
2021-12-03,0.021603871413757414
2021-12-06,-0.08458805616646936
2021-12-07,-0.07262982812788754
2021-12-08,-0.17317656436827422
2021-12-09,0.06893227283682823
2021-12-10,-0.056369785794814
2021-12-13,0.01123058542413391
2021-12-14,-0.050567107750472684
2021-12-15,-0.014932802389248434
2021-12-16,0.027033855482567093
2021-12-17,0.0177121771217712
2021-12-20,0.0
2021-12-21,0.03021513173797441
2021-12-22,-0.008446738620366046
2021-12-23,0.05915759583530522
2021-12-24,-0.11304736371760504
2021-12-28,0.10050377833753155
2021-12-29,0.9931334401464866
2021-12-30,-0.11414790996784574
2021-12-31,-0.27845475758361415
2022-01-03,-0.011857707509881465
2022-01-04,0.014000000000000012
2022-01-05,-0.09377801685493992
2022-01-06,-0.13553620894341123
2022-01-07,0.016479743648432077
2022-01-10,0.10988516099977486
2022-01-11,1.0071008318117265
2022-01-12,-0.05781865965834432
2022-01-13,-0.10213496405965028
2022-01-14,0.2539132512845024
2022-01-17,-0.14798932723461022
2022-01-18,0.04059948551616155
2022-01-19,-0.2790197764402408
2022-01-20,-0.1446034585569469
2022-01-21,-0.10369466713140474
2022-01-24,0.46295936223993794
2022-01-25,0.11230728335991502
2022-01-26,0.3136575457043851
2022-01-27,-0.017827906130616578
2022-01-28,-0.09149842563437671
2022-01-31,0.41987767584097857
2022-02-04,-0.03338358819728615
2022-02-07,-0.11579025549613786
2022-02-08,-0.09550608987820253
2022-02-09,-0.006686478454680511
2022-02-10,-0.26093866866118176
2022-02-11,-0.1897533206831119
2022-02-14,0.10039032006245119
2022-02-15,-0.036322360953462085
2022-02-16,-0.0859835100117784
2022-02-17,-0.10438144329896915
2022-02-18,-0.09208633093525176
2022-02-21,0.13193343898573695
2022-02-22,0.09065453272663637
2022-02-23,-0.08873555840821568
2022-02-24,-0.025180489522803273
2022-02-25,0.16654624277456653
2022-02-28,0.7088882006813255
2022-03-01,-0.40132294309532435
2022-03-02,0.02164371121537756
2022-03-03,-0.18340740740740746
2022-03-04,0.020500725689404975
2022-03-07,-0.015822222222222293
2022-03-08,0.0
2022-03-09,-0.12048410404624277
2022-03-10,0.07948243992606296
2022-03-11,0.0
2022-03-14,-0.018074581430745806
2022-03-15,0.002325130788606744
2022-03-16,-0.08757007539145567
2022-03-17,0.2220338983050849
2022-03-18,-0.0258321775312067
2022-03-21,-0.05196654208933971
2022-03-22,-0.10043176271822796
2022-03-23,-0.04486644407345575
2022-03-24,0.03124317238365748
2022-03-25,-0.03516949152542381
2022-03-28,0.03645147123407999
2022-03-29,0.015254237288135464
2022-03-30,0.1552587646076795
2022-03-31,0.5708092485549132
2022-04-01,-0.42640294388224464
2022-04-04,-0.053728949478749066
2022-04-06,-0.015042372881356014
2022-04-07,0.0
2022-04-08,0.04603140460314048
2022-04-11,0.14805675508945093
2022-04-12,-0.012717177144904057
2022-04-13,-0.012880986937590766
2022-04-14,0.0731483183238375
2022-04-19,-0.11817091967802695
2022-04-20,-0.08331714896096332
2022-04-21,0.015254237288135464
2022-04-22,-0.015025041736226985
2022-04-25,0.06822033898305091
2022-04-26,-0.035501785005950026
2022-04-27,0.0
2022-04-28,0.025704297758585293
2022-04-29,0.11928628708901368
2022-05-03,-0.005194339960594596
2022-05-04,-0.1371984155563558
2022-05-05,-0.04486644407345575
2022-05-06,0.04697400043696742
2022-05-10,0.05342237061769617
2022-05-11,-0.07904120443740092
2022-05-12,-0.04495590449559039
2022-05-13,-0.0011261261261261701
2022-05-16,-0.022998872604284126
2022-05-17,-0.03300253865681979
2022-05-18,-0.025536992840095474
2022-05-19,0.03502326720548621
2022-05-20,-0.016800757217226736
2022-05-23,0.05439229843561977
2022-05-24,-0.0027391006619493785
2022-05-25,-0.013504234378576285
2022-05-26,0.013689095127610296
2022-05-27,0.03135728999771126
2022-05-30,0.07256990679094533
2022-05-31,0.9768259879991725
2022-06-01,-0.4566673644546787
2022-06-02,-0.06318628395299553
2022-06-06,-0.06971005552128307
2022-06-07,0.02763041556144996
2022-06-08,0.030759303075930333
2022-06-09,-0.04486644407345575
2022-06-10,0.11841817784575048
2022-06-13,0.1406524711857784
2022-06-14,1.2519266997773593
2022-06-15,-0.1448779374857403
2022-06-16,-0.08413376022767693
2022-06-17,0.09992231501262383
2022-06-20,-0.04935110797210207
2022-06-21,1.0807020802377414
2022-06-22,0.06190582459272487
2022-06-23,-0.02004875588433086
2022-06-24,-0.17971263135320603
2022-06-27,0.10891503267973857
2022-06-28,0.7875801584307809
2022-06-29,0.26942048481970926
2022-06-30,1.9813194805194807
2022-07-04,-0.40881401767543
2022-07-05,-0.19277065820964157
2022-07-06,0.1574412151307143
2022-07-07,-0.7673817034700315
2022-07-08,-0.033306211011662645
2022-07-11,0.1172773693956568
2022-07-12,-0.02034051529305403
2022-07-13,-0.09248436378550184
2022-07-14,-0.5457010507287312
2022-07-15,0.44180552101467274
2022-07-18,0.09348857266062982
2022-07-19,-0.03099613534190404
2022-07-20,0.012615985674751862
2022-07-21,0.3162125231090749
2022-07-22,0.7713587786259539
2022-07-25,0.9351513479969662
2022-07-26,0.44114660348114243
2022-07-27,0.12928189089290787
2022-07-28,0.09467876651596585
2022-07-29,-0.06225999999999998
2022-08-01,-0.04100283660716186
2022-08-02,0.03904191084077446
2022-08-03,0.061857876712328785
2022-08-04,0.062336222535779084
2022-08-05,-0.06833641667852564
2022-08-08,0.058135272194048904
2022-08-09,0.058598223479708667
2022-08-10,0.1892818181818181
2022-08-11,0.08049166418235609
2022-08-12,0.025857616854496834
2022-08-15,0.06596278774671394
2022-08-16,0.09981820651998108
2022-08-17,-0.08494117647058819
2022-08-18,-0.16423245050141433
2022-08-19,-0.191374642340707
2022-08-22,-0.09783983791650408
2022-08-23,0.03339132268437983
2022-08-24,0.014579847365628673
2022-08-25,0.04572560613831311
2022-08-26,-0.010414663230372656
2022-08-29,-0.16520091346387444
2022-08-30,0.23129037890693205
2022-08-31,0.12143816060657642
2022-09-01,-0.1503384786585623
2022-09-02,0.009088563887841516
2022-09-05,-0.0037462390120155398
2022-09-06,0.08671450143602999
2022-09-07,-0.0708674289554706
2022-09-08,-0.03881568658116974
2022-09-09,0.049159488676232765
2022-09-13,0.2065486056587862
2022-09-14,0.16421639512837816
2022-09-15,0.08074967050104531
2022-09-16,-0.10177564663291172
2022-09-19,-0.029620625679739
2022-09-20,-0.20162330051570554
2022-09-21,0.07591661467317512
2022-09-22,0.21015333185516183
2022-09-23,0.026003312074979856
2022-09-26,-0.02722620969126699
2022-09-27,-0.02378716523924851
2022-09-28,0.13664636704228217
2022-09-29,0.07120358881359157
2022-09-30,0.34364548991654065
2022-10-03,-0.22580859077967785
2022-10-05,-0.2538388181750695
2022-10-06,-0.13347670031453995
2022-10-07,0.056038365746383434
2022-10-10,0.09976499318396592
2022-10-11,0.29929277566539914
2022-10-12,0.016306033700697053
2022-10-13,-0.011586991701364235
2022-10-14,-0.026702635304810873
2022-10-17,0.02622599492361477
2022-10-18,0.03589824358772442
2022-10-19,0.023864896977751293
2022-10-20,0.036601932670043524
2022-10-21,0.028613722702094613
2022-10-24,-0.06312509993861826
2022-10-25,0.0006551745021499134
2022-10-26,0.02764236588720781
2022-10-27,0.07119299260068335
2022-10-28,0.2238505330607634
2022-10-31,0.236774933941035
2022-11-01,-0.25084452487014297
2022-11-02,-0.08584689843037174
2022-11-03,-0.08099598347099457
2022-11-04,-0.08744195807864841
2022-11-07,-0.11430526249216633
2022-11-08,-0.05865704196094723
2022-11-09,0.010674978622458697
2022-11-10,-0.09040665938864634
2022-11-11,0.6520741129697696
2022-11-14,0.20205414142881817
2022-11-15,0.07707620364284695
2022-11-16,0.20941773075263992
2022-11-17,0.14505722661856946
2022-11-18,-0.27726834160164704
2022-11-21,0.11896577701625466
2022-11-22,0.051593104636052045
2022-11-23,-0.1674642145666888
2022-11-24,0.14038764874831444
2022-11-25,0.09775336931873424
2022-11-28,0.0005114285714287181
2022-11-29,0.015874738348101936
2022-11-30,0.22331322490147243
2022-12-01,-0.07531153847037664
