Date,Open,Adj Close,signal,target_pos,capital,NAV,cash,transaction_cost,intraday_PnL
2019-12-16,27.799999,27.700001,0.0,0.0,100000.0,0.0,100000.0,0.0,-0.0
2019-12-17,27.9,28.0,0.0,0.0,100000.0,0.0,100000.0,0.0,0.0
2019-12-18,28.049999,28.049999,1.0,7.0,99999.4620548137,98174.9965,1824.4655548137089,0.5379451863013698,0.0
2019-12-19,28.15,28.0,0.0,7.0,99473.92506851233,98000.0,1473.925068512326,0.536986301369863,-524.999999999995
2019-12-20,28.0,28.15,0.0,7.0,99998.38520549863,98524.99999999999,1473.3852054986492,0.5398630136986301,524.999999999995
2019-12-23,28.200001,28.1,0.0,7.0,99647.84280138905,98350.00000000001,1297.842801389037,0.5389041095890412,-350.00349999999617
2019-12-24,28.1,28.0,0.0,7.0,99297.30581508768,98000.0,1297.305815087675,0.536986301369863,-350.000000000005
2019-12-27,28.299999,28.4,0.0,7.0,99646.76465755342,99399.99999999999,246.76465755343088,0.5446575342465753,350.00349999999617
2019-12-30,28.450001,28.549999,1.0,7.0,99996.21012332602,99924.9965,71.21362332602439,0.5475342273972602,349.9929999999978
2019-12-31,28.549999,28.549999,0.0,7.0,99995.66258909862,99924.9965,70.66608909862407,0.5475342273972602,0.0
2020-01-02,28.5,28.700001,0.0,7.0,100695.11567812054,100450.0035,245.11217812052928,0.5504109780821919,700.0035000000012
2020-01-03,29.0,28.65,1.0,7.0,99469.56622606574,100274.99999999999,-805.4337739342445,0.5494520547945205,-1225.000000000005
2020-01-06,28.450001,28.450001,0.0,7.0,99469.02060960821,99575.0035,-105.98289039179508,0.5456164575342466,0.0
2020-01-07,28.549999,28.450001,0.0,7.0,99118.48199315068,99575.0035,-456.5215068493271,0.5456164575342466,-349.9929999999978
2020-01-08,28.1,28.25,0.0,7.0,99642.94021232876,98875.0,767.9402123287582,0.5417808219178082,524.999999999995
2020-01-09,28.549999,28.799999,0.0,7.0,100517.38788358081,100799.9965,-282.6086164191802,0.5523287479452055,875.0
2020-01-10,28.85,28.799999,1.0,7.0,100341.83205483286,100799.9965,-458.1644451671309,0.5523287479452055,-175.00350000000608
2020-01-13,28.9,29.15,0.0,7.0,101216.27301373697,102024.99999999999,-808.7269862630201,0.559041095890411,875.0
2020-01-14,29.35,29.049999,1.0,7.0,100165.71239046847,101674.9965,-1509.2841095315234,0.5571232684931506,-1050.0035000000062
2020-01-15,29.1,28.950001,0.0,7.0,99640.16068496983,101325.0035,-1684.842815030177,0.555205498630137,-524.9965000000038
2020-01-16,29.0,29.0,0.0,7.0,99639.60452058626,101500.0,-1860.395479413739,0.5561643835616439,0.0
2020-01-17,29.15,29.200001,0.0,7.0,99814.04802056709,102200.0035,-2385.955479432916,0.5600000191780823,175.00350000000608
2020-01-20,29.299999,28.950001,1.0,7.0,98588.49981506846,101325.0035,-2736.503684931551,0.555205498630137,-1224.9929999999977
2020-01-21,28.799999,28.15,-1.0,-6.0,100538.03407534242,84449.99999999999,16088.034075342439,0.4627397260273972,1949.9970000000033
2020-01-22,28.299999,28.549999,-1.0,-6.0,99787.56476029036,85649.997,14137.56776029036,0.4693150520547945,-750.0
2020-01-23,28.25,28.0,1.0,7.0,98912.02777398899,98000.0,912.0277739889862,0.536986301369863,-875.0
2020-01-24,28.0,28.1,0.0,7.0,99261.4888698794,98350.00000000001,911.4888698793802,0.5389041095890412,350.000000000005
2020-01-29,27.25,27.299999,0.0,7.0,99435.96180825472,95549.9965,3885.96530825473,0.5235616246575342,174.9964999999989
2020-01-30,27.200001,26.65,0.0,7.0,97510.4472123643,93274.99999999999,4235.447212364321,0.5110958904109588,-1925.0035000000062
2020-01-31,26.9,26.5,-1.0,-7.0,98909.93899318622,92750.0,6159.938993186224,0.5082191780821917,1399.999999999995
2020-02-03,26.4,26.5,0.0,-7.0,98559.43077400814,92750.0,5809.430774008142,0.5082191780821917,-350.000000000005
2020-02-04,26.65,26.85,0.0,-7.0,97858.91584250127,93975.00000000001,3883.9158425012574,0.5149315068493152,-700.00000000001
2020-02-05,27.049999,26.950001,0.0,-7.0,98208.39199316702,94325.0035,3883.388493167018,0.5168493342465754,349.9929999999978
2020-02-06,27.1,27.700001,0.0,-7.0,96107.85726027114,96950.0035,-842.1462397288706,0.531232895890411,-2100.003499999996
2020-02-07,27.5,27.549999,1.0,6.0,96257.40138357524,82649.997,13607.404383575238,0.45287669589041096,149.99699999999905
2020-02-10,27.25,27.4,0.0,6.0,96706.95097261634,82199.99999999999,14506.950972616352,0.45041095890410954,449.99999999999574
2020-02-11,27.65,27.75,0.0,6.0,97006.49480823278,83250.0,13756.494808232776,0.45616438356164385,300.00000000000426
2020-02-12,27.9,28.049999,0.0,6.0,97456.0307123588,84149.997,13306.033712358796,0.4610958739726027,449.9970000000033
2020-02-13,28.049999,27.950001,0.0,6.0,97155.57726028758,83850.003,13305.574260287583,0.45945207123287674,-299.9939999999981
2020-02-14,27.9,28.0,0.0,6.0,97455.11698631498,84000.0,13455.116986314984,0.4602739726027397,300.00000000000426
2020-02-17,28.0,28.15,1.0,6.0,97904.65424658895,84449.99999999999,13454.654246588965,0.4627397260273972,449.99999999999574
2020-02-18,27.950001,27.700001,0.0,6.0,97154.19890410676,83100.003,14054.19590410676,0.4553424821917808,-750.0
2020-02-19,27.75,27.85,-1.0,-7.0,96803.66479451771,97475.00000000001,-671.3352054823044,0.5341095890410961,-350.000000000005
2020-02-20,27.950001,27.75,1.0,6.0,96203.20563013415,83250.0,12953.20563013415,0.45616438356164385,-600.003000000001
2020-02-21,27.6,27.5,0.0,6.0,95902.75357533964,82500.0,13402.753575339637,0.4520547945205479,-300.00000000000426
2020-02-24,27.35,27.049999,0.0,6.0,95002.30591782181,81149.997,13852.308917821807,0.44465751780821916,-900.0030000000052
2020-02-25,26.9,27.1,0.0,6.0,95601.86043836977,81300.00000000001,14301.860438369753,0.44547945205479456,600.0000000000085
2020-02-26,26.700001,26.950001,0.0,6.0,96351.4174246547,80850.003,15501.414424654708,0.44301371506849313,750.0
2020-02-27,26.75,27.15,0.0,6.0,97550.97112328483,81449.99999999999,16100.97112328485,0.44630136986301366,1199.9999999999957
2020-02-28,26.5,26.450001,0.0,6.0,97400.53932874785,79350.003,18050.536328747854,0.4347945369863014,-149.99699999999905
2020-03-02,26.35,26.65,0.0,6.0,98300.10124655605,79949.99999999999,18350.101246556063,0.43808219178082186,899.9999999999915
2020-03-03,27.0,26.6,0.0,6.0,97099.66398628207,79800.00000000001,17299.66398628206,0.4372602739726028,-1199.9999999999957
2020-03-04,26.6,26.549999,0.0,6.0,96949.22454794233,79649.997,17299.227547942326,0.4364383397260274,-150.00300000000522
2020-03-05,26.6,27.049999,0.0,6.0,98298.7768904245,81149.997,17148.7798904245,0.44465751780821916,1349.9969999999948
2020-03-06,26.75,26.5,1.0,6.0,97548.34127398615,79500.0,18048.341273986152,0.43561643835616437,-750.0
2020-03-09,26.450001,26.450001,-1.0,-7.0,97547.834013693,92575.0035,4972.830513692999,0.507260293150685,-0.0
2020-03-10,25.450001,25.450001,0.0,-7.0,97547.34593148205,89075.0035,8472.342431482044,0.48808221095890414,-0.0
2020-03-11,25.75,25.75,0.0,-7.0,97546.85209586562,90125.0,7421.852095865615,0.49383561643835616,-0.0
2020-03-12,25.549999,25.549999,0.0,-7.0,97546.36209588479,89424.9965,8121.365595884796,0.48999998082191776,-0.0
2020-03-13,24.6,24.6,0.0,-7.0,97545.89031506288,86100.00000000001,11445.890315062861,0.47178082191780835,-0.0
2020-03-16,24.4,24.4,1.0,7.0,97545.42236985739,85399.99999999999,12145.422369857406,0.467945205479452,0.0
2020-03-17,23.35,23.35,-1.0,-8.0,97544.91058903547,93400.0,4144.9105890354695,0.5117808219178083,-0.0
2020-03-18,23.6,23.6,0.0,-8.0,97544.3933287615,94400.0,3144.3933287614927,0.5172602739726028,-0.0
2020-03-19,22.6,22.0,-1.0,-8.0,99943.91113698068,88000.0,11943.911136980678,0.4821917808219178,2400.0000000000055
2020-03-20,22.450001,23.1,0.0,-8.0,97343.40883561081,92400.0,4943.408835610811,0.5063013698630138,-2599.9960000000046
2020-03-23,21.950001,22.0,1.0,8.0,97542.92264383,88000.0,9542.922643829996,0.4821917808219178,199.99599999999873
2020-03-24,22.75,23.049999,0.0,8.0,98742.41343837246,92199.996,6542.41743837246,0.5052054575342466,1199.9959999999987
2020-03-25,23.5,23.799999,0.0,8.0,99941.88779455876,95199.996,4741.89179455876,0.5216438136986301,1199.9959999999987
2020-03-26,23.549999,23.6,1.0,8.0,100141.37453428478,94400.0,5741.374534284783,0.5172602739726028,200.00400000000695
2020-03-27,24.1,23.75,0.0,8.0,98740.85398633957,95000.0,3740.853986339571,0.5205479452054794,-1400.0000000000057
2020-03-30,23.25,23.4,0.0,8.0,99340.34110962725,93600.0,5740.341109627247,0.5128767123287672,599.9999999999943
2020-03-31,23.799999,23.85,1.0,8.0,99539.82236990122,95400.0,4139.822369901216,0.5227397260273973,200.00400000000695
2020-04-01,23.549999,23.299999,0.0,8.0,98539.31168499163,93199.996,5339.315684991627,0.5106849095890411,-1000.0
2020-04-02,23.0,23.5,0.0,8.0,100538.79661649847,94000.0,6538.796616498468,0.5150684931506849,2000.0
2020-04-03,23.4,23.450001,1.0,8.0,100738.28664387381,93800.004,6938.282643873812,0.5139726246575342,200.00400000000695
2020-04-06,23.799999,23.950001,0.0,8.0,101337.76971234505,95800.004,5537.765712345048,0.5249315287671233,600.0080000000025
2020-04-07,24.299999,24.5,0.0,8.0,102137.23672604367,98000.0,4137.236726043673,0.536986301369863,800.0040000000013
2020-04-08,24.35,24.200001,0.0,8.0,101536.71031506285,96800.004,4736.706315062853,0.5304109808219178,-599.9960000000044
2020-04-09,24.4,24.5,0.0,8.0,101936.17332876148,98000.0,3936.173328761477,0.536986301369863,400.0000000000057
2020-04-14,24.5,24.700001,1.0,8.0,102735.63595887655,98800.004,3935.6319588765473,0.5413698849315068,800.0040000000013
2020-04-15,24.75,24.299999,0.0,8.0,100935.09935615874,97199.996,3735.103356158739,0.5326027178082192,-1800.0040000000013
2020-04-16,24.200001,24.25,0.0,8.0,101134.56384930942,97000.0,4134.563849309416,0.5315068493150685,199.99599999999873
2020-04-17,24.700001,24.549999,0.0,8.0,100534.01776713955,98199.996,2334.0217671395512,0.5380821698630137,-600.0080000000025
2020-04-20,24.6,24.6,0.0,8.0,100533.47858905735,98400.0,2133.478589057355,0.5391780821917809,0.0
2020-04-21,24.450001,24.0,0.0,8.0,98732.94856166009,96000.0,2732.948561660087,0.5260273972602739,-1800.0040000000013
2020-04-22,23.75,24.1,-1.0,-8.0,97332.420342482,96400.0,932.4203424820007,0.5282191780821918,-1400.0000000000057
2020-04-23,24.200001,24.15,1.0,8.0,97131.88702741351,96600.0,531.8870274135115,0.5293150684931507,-200.00400000000695
2020-04-24,24.1,24.049999,0.0,8.0,96931.35590414776,96199.996,731.3599041477573,0.5271232657534246,-200.00400000000695
2020-04-27,24.299999,24.5,0.0,8.0,97730.82291784638,98000.0,-269.17708215361927,0.536986301369863,800.0040000000013
2020-04-28,24.549999,24.75,1.0,8.0,98530.28445209295,99000.0,-469.71554790704977,0.5424657534246575,800.0040000000013
2020-04-29,24.85,24.75,0.0,8.0,98129.74198633952,99000.0,-870.2580136604811,0.5424657534246575,-400.0000000000057
2020-05-04,24.0,23.75,0.0,8.0,97129.2214383943,95000.0,2129.2214383943065,0.5205479452054794,-1000.0
2020-05-05,23.85,24.0,-1.0,-8.0,96528.69541099704,96000.0,528.6954109970393,0.5260273972602739,-599.9999999999943
2020-05-06,23.950001,24.35,0.0,-8.0,94928.1657123669,97400.0,-2471.8342876331008,0.5336986301369864,-1599.9960000000044
2020-05-07,24.200001,24.15,1.0,7.0,94752.69906168197,84524.99999999999,10227.699061681982,0.4631506849315068,-175.00350000000608
2020-05-08,24.35,24.4,-1.0,-7.0,94577.2311164765,85399.99999999999,9177.231116476512,0.467945205479452,-174.99999999999005
2020-05-11,24.6,24.799999,1.0,7.0,95276.75200005731,86799.9965,8476.75550005732,0.4756164191780822,699.996499999994
2020-05-12,24.549999,24.450001,1.0,7.0,94926.29009592855,85575.0035,9351.286595928541,0.46890412876712334,-349.9929999999978
2020-05-13,24.25,24.35,0.0,7.0,95275.82310962718,85225.00000000001,10050.823109627163,0.46698630136986313,350.000000000005
2020-05-14,24.25,24.0,0.0,7.0,94400.36283565458,84000.0,10400.362835654581,0.4602739726027397,-875.0
2020-05-15,24.0,24.0,0.0,7.0,94399.90256168199,84000.0,10399.902561681985,0.4602739726027397,0.0
2020-05-18,23.950001,24.200001,0.0,7.0,95274.43845207377,84700.0035,10574.43495207376,0.4641096082191781,875.0
2020-05-19,24.6,24.6,0.0,7.0,95273.96667125185,86100.00000000001,9173.966671251837,0.47178082191780835,0.0
2020-05-20,24.6,24.65,1.0,7.0,95448.49393152581,86274.99999999999,9173.493931525823,0.4727397260273972,174.99999999999005
2020-05-21,24.700001,24.450001,0.0,7.0,94573.02502739705,85575.0035,8998.021527397039,0.46890412876712334,-875.0
2020-05-22,24.049999,23.15,0.0,7.0,91422.5845547943,81024.99999999999,10397.584554794317,0.443972602739726,-3149.996500000004
2020-05-25,23.0,23.15,-1.0,-7.0,90897.14058219157,81024.99999999999,9872.140582191583,0.443972602739726,-524.999999999995
2020-05-26,23.4,23.65,1.0,7.0,91771.68702054773,82774.99999999999,8996.687020547746,0.45356164383561637,875.0
2020-05-27,23.75,23.5,0.0,7.0,90896.23633561622,82250.0,8646.236335616224,0.4506849315068493,-875.0
2020-05-28,23.35,23.35,0.0,7.0,90895.78852739705,81725.00000000001,9170.788527397031,0.44780821917808233,0.0
2020-05-29,23.0,23.200001,0.0,7.0,91595.34709587102,81200.0035,10395.343595871018,0.44493152602739733,700.0035000000012
2020-06-01,23.799999,23.98,0.0,7.0,92224.89070546007,83930.0,8294.890705460071,0.45989041095890415,630.0035000000026
2020-06-02,24.02,24.26,1.0,7.0,93064.4254451861,84910.00000000001,8154.425445186091,0.4652602739726028,840.0000000000069
2020-06-03,24.68,24.68,1.0,7.0,93063.95213011761,86380.0,6683.952130117614,0.47331506849315064,0.0
2020-06-04,24.940001,24.719999,0.0,7.0,92293.47104794502,86519.99650000001,5773.474547945007,0.47408217260273977,-770.0069999999907
2020-06-05,24.719999,25.139999,0.0,7.0,93762.98891097789,87989.99650000001,5772.99241097788,0.4821369671232877,1469.9999999999936
2020-06-08,25.34,25.139999,1.0,7.0,93062.50327401076,87989.99650000001,5072.506774010748,0.4821369671232877,-700.0035000000012
2020-06-09,25.26,25.440001,0.0,7.0,93692.0188835806,89040.00349999999,4652.015383580612,0.4878904301369863,630.0034999999901
2020-06-10,25.48,25.459999,1.0,7.0,93621.52710962718,89109.9965,4511.530609627182,0.4882739534246575,-70.0035000000021
2020-06-11,25.459999,24.860001,0.0,7.0,91521.05734248471,87010.00349999999,4511.053842484718,0.4767671424657534,-2099.9929999999977
2020-06-12,24.379999,24.700001,-1.0,-7.0,90400.5766438354,86450.0035,3950.573143835398,0.47369864931506855,-1120.0069999999957
2020-06-15,24.42,24.200001,1.0,7.0,89630.11603422718,84700.0035,4930.11253422717,0.4641096082191781,-769.9965000000049
2020-06-16,24.74,24.799999,-1.0,-7.0,89419.64391780799,86799.9965,2619.647417807995,0.4756164191780822,-209.99650000000435
2020-06-17,24.780001,24.9,0.0,-7.0,88999.16988356142,87149.99999999999,1849.169883561437,0.47753424657534244,-419.99649999999986
2020-06-18,24.799999,24.879999,1.0,7.0,89278.69273289567,87079.99650000001,2198.696232895658,0.4771506657534247,280.0000000000065
2020-06-19,24.860001,25.059999,0.0,7.0,89978.20513017512,87709.99650000001,2268.2086301751115,0.4806027205479453,699.9930000000028
2020-06-22,24.98,25.0,0.0,7.0,90047.72567812033,87500.0,2547.7256781203323,0.4794520547945205,69.99999999999851
2020-06-23,24.98,25.360001,0.0,7.0,91377.24282193677,88760.00349999999,2617.2393219367805,0.48635618356164384,1330.0035
2020-06-24,25.52,25.24,1.0,7.0,90396.75876714225,88339.99999999999,2056.758767142266,0.4840547945205479,-980.000000000004
2020-06-26,25.1,25.0,0.0,7.0,90046.27931508746,87500.0,2546.279315087464,0.4794520547945205,-350.000000000005
2020-06-29,25.0,24.76,0.0,7.0,89205.8044657724,86660.00000000001,2545.8044657723804,0.4748493150684932,-839.9999999999945
2020-06-30,25.0,24.9,0.0,7.0,88855.32693152582,87149.99999999999,1705.3269315258367,0.47753424657534244,-350.000000000005
2020-07-02,25.24,25.700001,0.0,7.0,90464.83755479431,89950.0035,514.834054794308,0.49287673150684935,1610.0035000000066
2020-07-03,25.799999,25.92,1.0,7.0,90884.3439589039,90720.0,164.34395890390442,0.4970958904109589,420.0035000000071
2020-07-06,26.139999,26.940001,0.0,7.0,93683.83430135048,94290.00349999999,-606.1691986495134,0.5166575534246575,2800.0069999999973
2020-07-07,27.18,26.639999,1.0,7.0,91793.31989726007,93239.99650000001,-1446.6766027399426,0.510904090410959,-1890.0035000000007
2020-07-08,26.76,26.74,-1.0,-6.0,91852.88033561624,80220.0,11632.880335616239,0.4395616438356164,60.00000000000938
2020-07-09,26.98,26.879999,1.0,6.0,91552.43547261898,80639.997,10912.438472618975,0.441862997260274,-300.0029999999967
2020-07-10,26.6,26.34,0.0,6.0,90772.00248631761,79020.0,11752.002486317608,0.432986301369863,-780.0000000000047
2020-07-13,26.5,26.48,0.0,6.0,90711.56719864637,79440.0,11271.567198646371,0.4352876712328767,-59.99999999999872
2020-07-14,26.360001,26.16,0.0,6.0,90111.13417124911,78480.0,11631.134171249112,0.430027397260274,-600.003000000001
2020-07-15,26.48,26.18,0.0,6.0,89210.70381508472,78539.99999999999,10670.703815084737,0.4303561643835616,-900.0000000000022
2020-07-16,26.18,25.66,0.0,6.0,87650.28200686554,76980.0,10670.282006865542,0.4218082191780822,-1559.9999999999986
2020-07-17,25.82,25.799999,0.0,6.0,87589.85489729294,77399.997,10189.857897292939,0.42410957260273974,-60.003000000001805
2020-07-20,25.780001,25.719999,0.0,6.0,87409.42610278884,77159.997,10249.42910278884,0.4227945041095891,-180.00599999999167
2020-07-21,26.08,26.280001,0.0,6.0,88008.9971027724,78840.003,9168.994102772398,0.4320000164383561,600.003000000001
2020-07-22,26.24,25.68,1.0,6.0,86328.57496578609,77039.99999999999,9288.574965786102,0.4221369863013698,-1679.9999999999961
2020-07-23,25.82,25.9,-1.0,-6.0,86088.14921236143,77699.99999999999,8388.149212361444,0.4257534246575342,-239.99999999999488
2020-07-24,25.74,25.360001,1.0,6.0,84947.73533563268,76080.00300000001,8867.732335632667,0.4168767287671234,-1139.996999999994
2020-07-27,25.559999,25.360001,0.0,6.0,84347.32445890391,76080.00300000001,8267.321458903898,0.4168767287671234,-599.9940000000024
2020-07-28,25.6,25.459999,0.0,6.0,83926.9029383724,76379.997,7546.905938372394,0.4185205315068493,-420.0030000000048
2020-07-29,25.459999,25.52,0.0,6.0,84106.48643152308,76560.0,7546.486431523081,0.4195068493150685,180.00299999999925
2020-07-30,25.6,25.34,0.0,6.0,83326.06988357787,76020.0,7306.069883577875,0.41654794520547944,-780.0000000000047
2020-07-31,25.379999,25.26,0.0,6.0,82965.65765070116,75780.0,7185.657650701163,0.4152328767123288,-359.9969999999999
2020-08-03,25.26,25.120001,0.0,6.0,82545.24771917787,75360.003,7185.244719177877,0.4129315232876712,-419.9970000000093
2020-08-04,25.299999,25.620001,0.0,6.0,83504.8325684765,76860.003,6644.8295684765035,0.421150701369863,960.0059999999963
2020-08-05,25.700001,25.799999,1.0,6.0,83804.40245890389,77399.997,6404.405458903886,0.42410957260273974,299.9939999999981
2020-08-06,25.84,25.6,0.0,6.0,83083.98163698608,76800.00000000001,6283.981636986064,0.42082191780821926,-719.9999999999953
2020-08-07,25.559999,25.18,0.0,6.0,81943.57071917785,75539.99999999999,6403.570719177864,0.41391780821917806,-1139.9970000000046
2020-08-10,25.0,25.1,-1.0,-6.0,81643.15811643812,75300.00000000001,6343.158116438106,0.41260273972602746,-300.00000000000426
2020-08-11,25.24,25.559999,0.0,-6.0,80682.74095207099,76679.997,4002.7439520709886,0.4201643671232877,-959.9970000000085
2020-08-12,25.5,25.879999,1.0,6.0,81822.3125274299,77639.997,4182.3155274298915,0.42542464109589045,1139.9970000000046
2020-08-13,26.040001,25.9,1.0,6.0,81401.88377400523,77699.99999999999,3701.8837740052404,0.4257534246575342,-420.0030000000048
2020-08-14,25.879999,25.82,0.0,6.0,81221.46233564906,77460.00000000001,3761.4623356490483,0.4244383561643837,-179.99700000000374
2020-08-17,25.860001,26.0,1.0,6.0,81641.0319383888,78000.0,3641.031938388798,0.4273972602739726,419.9969999999986
2020-08-18,26.059999,26.02,0.0,6.0,81520.6072123614,78060.0,3460.6072123613994,0.4277260273972603,-119.99700000000502
2020-08-19,26.0,25.879999,0.0,6.0,81160.1787877203,77639.997,3520.1817877202993,0.42542464109589045,-360.0029999999954
2020-08-20,25.700001,25.440001,0.0,6.0,80379.76059592304,76320.003,4059.7575959230453,0.41819179726027395,-780.0000000000047
2020-08-21,25.6,25.780001,-1.0,-6.0,79839.33381508468,77340.003,2499.330815084686,0.42378083835616437,-540.0029999999915
2020-08-24,25.98,26.18,1.0,6.0,80438.9034589203,78539.99999999999,1898.9034589203075,0.4303561643835616,599.9999999999978
2020-08-25,26.280001,26.16,1.0,6.0,80078.47043152303,78480.0,1598.4704315230338,0.430027397260274,-360.0029999999954
2020-08-26,26.18,26.120001,0.0,6.0,79898.04406164358,78360.003,1538.0410616435838,0.42936987945205474,-179.99700000000374
2020-08-27,26.16,25.959999,0.0,6.0,79297.614321934,77879.997,1417.617321933998,0.4267397095890411,-600.003000000001
2020-08-28,25.940001,26.120001,0.0,6.0,79837.18495205455,78360.003,1477.1819520545541,0.42936987945205474,539.9999999999991
2020-08-31,26.299999,25.84,1.0,6.0,78456.76318493126,77520.0,936.7631849312602,0.4247671232876712,-1379.9969999999994
2020-09-01,25.9,25.879999,-1.0,-6.0,78516.34076029016,77639.997,876.343760290154,0.42542464109589045,60.00299999999115
2020-09-02,25.9,25.82,1.0,6.0,78275.916321934,77460.00000000001,815.9163219339825,0.4244383561643837,-239.99999999999488
2020-09-03,25.780001,25.719999,0.0,6.0,78095.4875274299,77159.997,935.4905274298944,0.4227945041095891,-180.00599999999167
2020-09-04,25.48,25.52,0.0,6.0,78215.06802058058,76560.0,1655.0680205805838,0.4195068493150685,119.99999999999744
2020-09-07,25.379999,25.440001,0.0,6.0,78394.65582878332,76320.003,2074.6528287833207,0.41819179726027395,180.00599999999167
2020-09-08,25.52,25.379999,0.0,6.0,77974.2356233203,76139.997,1834.2386233202997,0.41720546301369865,-420.00299999999413
2020-09-09,25.1,25.24,0.0,6.0,78393.8207192107,75720.0,2673.820719210693,0.4149041095890411,419.999999999991
2020-09-10,25.4,25.139999,0.0,6.0,77613.40445895315,75419.99699999999,2193.4074589531665,0.41326025753424656,-780.0029999999971
2020-09-11,25.139999,25.26,0.0,6.0,77972.99222607646,75780.0,2192.992226076458,0.4152328767123288,360.00300000000607
2020-09-14,25.34,25.4,0.0,6.0,78152.57469182988,76199.99999999999,1952.5746918298973,0.4175342465753424,179.99999999999616
2020-09-15,25.379999,25.52,1.0,6.0,78572.15818498057,76560.0,2012.1581849805661,0.4195068493150685,420.00299999999413
2020-09-16,25.540001,25.48,0.0,6.0,78391.7363356655,76440.0,1951.7363356654969,0.41884931506849316,-180.00299999999925
2020-09-17,25.4,25.120001,0.0,6.0,77551.32640414221,75360.003,2191.323404142211,0.4129315232876712,-839.9970000000003
2020-09-18,25.24,25.24,-1.0,-6.0,77550.91150003261,75720.0,1830.9115000326128,0.4149041095890411,-0.0
2020-09-21,25.24,24.719999,0.0,-6.0,79110.50814388467,74159.997,4950.511143884665,0.4063561479452055,1560.002999999991
2020-09-22,24.620001,24.5,-1.0,-6.0,79470.10840415864,73500.0,5970.108404158644,0.40273972602739727,360.0029999999954
2020-09-23,24.48,24.52,0.0,-6.0,79349.7053356655,73560.0,5789.705335665494,0.40306849315068494,-119.99999999999744
2020-09-24,24.34,24.120001,0.0,-6.0,80009.30584249838,72360.003,7649.302842498379,0.39649316712328764,659.9970000000042
2020-09-25,24.219999,24.059999,0.0,-6.0,80488.9103356655,72179.997,8308.913335665493,0.39550683287671234,480.00000000000045
2020-09-28,24.24,24.280001,0.0,-6.0,80368.50821236138,72840.003,7528.505212361386,0.399123304109589,-120.00300000000053
2020-09-29,24.34,24.08,0.0,-6.0,81148.11237674495,72240.0,8908.112376744946,0.39583561643835613,780.0000000000047
2020-09-30,24.200001,24.280001,0.0,-6.0,80907.71325344083,72840.003,8067.710253440833,0.399123304109589,-239.99999999999488
2020-10-05,24.719999,24.52,1.0,6.0,80307.31318494768,73560.0,6747.313184947678,0.40306849315068494,-599.9970000000054
2020-10-06,24.620001,24.780001,0.0,6.0,80786.90584246548,74340.003,6446.9028424654825,0.4073424821917808,480.00000000000045
2020-10-07,24.780001,25.059999,1.0,6.0,81626.48789727644,75179.997,6446.490897276439,0.4119451890410959,839.9940000000079
2020-10-08,25.040001,24.940001,0.0,6.0,81326.07792465726,74820.003,6506.074924657267,0.4099726191780822,-300.00000000000426
2020-10-09,25.1,24.98,0.0,6.0,80965.66729452027,74940.0,6025.667294520274,0.41063013698630135,-360.00000000000296
2020-10-12,25.02,25.48,0.0,6.0,82345.2484452052,76440.0,5905.248445205201,0.41884931506849316,1380.0000000000025
2020-10-14,25.559999,25.42,1.0,6.0,81924.8335821915,76260.0,5664.833582191495,0.41786301369863016,-419.9969999999986
2020-10-15,25.379999,24.9,0.0,6.0,80484.427267123,74699.99999999999,5784.427267123014,0.40931506849315064,-1439.997000000009
2020-10-16,25.040001,25.200001,0.0,6.0,80964.01302053122,75600.003,5364.010020531219,0.4142465917808219,480.00000000000045
2020-10-19,25.299999,25.32,1.0,6.0,81023.59980135314,75960.00000000001,5063.599801353121,0.4162191780821919,60.003000000001805
2020-10-20,25.32,25.34,0.0,6.0,81083.18325340793,76020.0,5063.183253407929,0.41654794520547944,59.99999999999872
2020-10-21,25.559999,25.540001,0.0,6.0,81022.76941777505,76620.003,4402.766417775056,0.41983563287671233,-59.99400000000321
2020-10-22,25.459999,25.559999,0.0,6.0,81322.34925340793,76679.997,4642.352253407924,0.4201643671232877,300.00000000000426
2020-10-23,25.540001,25.700001,0.0,6.0,81801.92678763806,77100.003,4701.923787638065,0.4224657698630137,480.00000000000045
2020-10-27,25.559999,25.52,0.0,6.0,81681.51028078875,76560.0,5121.510280788745,0.4195068493150685,-119.99700000000502
2020-10-28,25.52,25.459999,0.0,6.0,81501.08876025725,76379.997,5121.0917602572445,0.4185205315068493,-180.00299999999925
2020-10-29,25.18,25.379999,0.0,6.0,82100.66855479423,76139.997,5960.671554794229,0.41720546301369865,599.9970000000054
2020-10-30,24.6,24.24,0.0,6.0,81020.27008904079,72720.0,8300.270089040787,0.3984657534246575,-1080.0000000000089
2020-11-02,24.360001,24.6,-1.0,-6.0,80299.86870547914,73800.00000000001,6499.868705479123,0.40438356164383565,-719.9970000000029
2020-11-03,24.799999,25.120001,1.0,6.0,81259.46177395585,75360.003,5899.458773955848,0.4129315232876712,960.0059999999963
2020-11-04,25.0,25.0,1.0,6.0,81259.05081505174,75000.0,6259.050815051742,0.410958904109589,0.0
2020-11-05,25.66,25.700001,0.0,6.0,81378.63134928187,77100.003,4278.628349281877,0.4224657698630137,120.00300000000053
2020-11-06,25.879999,25.879999,1.0,6.0,81378.20592464077,77639.997,3738.2089246407704,0.42542464109589045,0.0
2020-11-09,26.299999,26.16,0.0,6.0,80957.77889724351,78480.0,2477.7788972435083,0.430027397260274,-419.9969999999986
2020-11-10,26.5,26.4,0.0,6.0,80657.34492464077,79199.99999999999,1457.3449246407836,0.433972602739726,-300.00000000000426
2020-11-11,26.32,26.4,0.0,6.0,80896.91095203803,79199.99999999999,1696.9109520380443,0.433972602739726,239.99999999999488
2020-11-12,26.52,26.34,1.0,6.0,80356.47796573666,79020.0,1336.4779657366598,0.432986301369863,-539.9999999999991
2020-11-13,26.24,26.299999,0.0,6.0,80536.04263698598,78899.997,1636.0456369859749,0.4323287506849315,179.99700000000374
2020-11-16,26.58,26.540001,1.0,6.0,80415.60936299695,79620.003,795.6063629969576,0.4362739890410959,-119.99699999999436
2020-11-17,26.620001,26.58,0.0,6.0,80295.16943149011,79740.0,555.1694314901106,0.43693150684931503,-120.00300000000053
2020-11-18,26.58,26.68,0.0,6.0,80594.73085614764,80039.99999999999,554.730856147653,0.43857534246575336,300.00000000000426
2020-11-19,26.620001,26.52,1.0,6.0,80294.29191094216,79560.0,734.2919109421637,0.4359452054794521,-300.0029999999967
2020-11-20,26.58,26.58,0.0,6.0,80293.85497943532,79740.0,553.8549794353166,0.43693150684931503,0.0
2020-11-23,26.780001,26.639999,0.0,6.0,79873.41106164354,79919.99699999999,-46.58593835645297,0.4379177917808219,-420.00599999999724
2020-11-24,26.66,26.74,0.0,6.0,80112.9714999997,80220.0,-107.02850000030594,0.4395616438356164,239.99999999999488
2020-11-25,26.940001,26.780001,0.0,6.0,79632.53128080517,80340.003,-707.4717191948293,0.4402191945205479,-480.00000000000045
2020-11-26,26.799999,26.940001,0.0,6.0,80052.09443147366,80820.003,-767.9085685263417,0.4428493315068493,420.00599999999724
2020-11-27,26.959999,27.08,1.0,6.0,80411.65228078872,81240.0,-828.3477192112769,0.44515068493150683,360.0029999999954
2020-11-30,27.040001,26.559999,0.0,6.0,78971.20967806544,79679.997,-708.7873219345638,0.43660272328767125,-1440.0059999999967
2020-12-01,26.6,26.719999,-1.0,-5.0,78670.84615068189,66799.9975,11870.848650681888,0.3660273835616439,-299.99749999999995
2020-12-02,26.719999,26.68,1.0,5.0,78570.48317122983,66700.0,11870.483171229833,0.36547945205479454,-99.99750000000418
2020-12-03,26.719999,26.9,0.0,5.0,79020.11717807913,67250.0,11770.117178079134,0.3684931506849315,450.002499999993
2020-12-04,26.92,26.98,1.0,5.0,79169.74758903804,67450.0,11719.747589038045,0.3695890410958904,149.99999999999682
2020-12-07,26.959999,26.620001,0.0,5.0,78319.38793149008,66550.00249999999,11769.385431490096,0.36465754794520544,-849.9950000000034
2020-12-08,26.620001,26.459999,0.0,5.0,77919.02046575036,66149.9975,11769.022965750366,0.36246573972602736,-400.0049999999966
2020-12-09,26.58,26.68,0.0,5.0,78168.65498629831,66700.0,11468.654986298308,0.36547945205479454,250.00000000000355
2020-12-10,26.58,26.6,0.0,5.0,78218.29060273668,66500.0,11718.290602736684,0.3643835616438356,50.000000000007816
2020-12-11,26.700001,26.700001,0.0,5.0,78217.92484929833,66750.00249999999,11467.922349298344,0.36575343835616436,0.0
2020-12-14,26.700001,26.58,0.0,5.0,77917.5582397093,66449.99999999999,11467.55823970931,0.3641095890410958,-300.00250000000506
2020-12-15,26.559999,26.4,0.0,5.0,77517.19909587367,66000.0,11517.199095873671,0.36164383561643837,-399.99750000000665
2020-12-16,26.5,26.68,0.0,5.0,77966.83361642162,66700.0,11266.833616421616,0.36547945205479454,449.9999999999993
2020-12-17,26.68,26.860001,0.0,5.0,78416.46817120245,67150.0025,11266.465671202444,0.3679452191780822,450.0025000000019
2020-12-18,26.799999,26.6,1.0,5.0,77916.10628764081,66500.0,11416.10628764081,0.3643835616438356,-499.9974999999956
2020-12-21,26.6,26.459999,0.0,5.0,77565.74132190108,66149.9975,11415.74382190108,0.36246573972602736,-350.002500000004
2020-12-22,26.42,26.299999,0.0,5.0,77265.37854794218,65749.99750000001,11515.381047942166,0.3602739589041097,-300.00250000000506
2020-12-23,26.26,26.52,0.0,5.0,77915.01526027094,66300.0,11615.015260270942,0.3632876712328767,649.999999999995
2020-12-24,26.6,26.6,1.0,5.0,77914.6508767093,66500.0,11414.650876709304,0.3643835616438356,0.0
2020-12-28,26.58,26.48,0.0,5.0,77664.28813698328,66200.0,11464.288136983276,0.3627397260273973,-249.99999999999466
2020-12-29,26.620001,26.74,0.0,5.0,77963.9193356134,66850.0,11113.919335613406,0.36630136986301365,299.99749999999995
2020-12-30,26.799999,27.34,1.0,5.0,79313.54731506546,68350.0,10963.547315065458,0.3745205479452055,1350.0025000000005
2020-12-31,27.440001,27.440001,1.0,5.0,79313.1714246408,68600.0025,10713.168924640791,0.37589042465753425,0.0
2021-01-04,27.360001,27.639999,0.0,5.0,80012.7877945175,69099.9975,10912.790294517501,0.37863012328767126,699.9949999999977
2021-01-05,27.48,27.74,1.0,5.0,80662.4077945175,69350.0,11312.407794517494,0.38000000000000006,649.999999999995
2021-01-06,27.799999,27.84,0.0,5.0,80762.02892465449,69600.0,11162.028924654485,0.3813698630136987,100.00250000000044
2021-01-07,27.84,27.700001,0.0,5.0,80411.651972586,69250.00249999999,11161.64947258601,0.37945206849315066,-349.99749999999887
2021-01-08,27.719999,28.02,0.0,5.0,81161.27063696957,70050.0,11111.270636969566,0.3838356164383562,750.0024999999955
2021-01-11,28.120001,28.120001,1.0,5.0,81160.88543147642,70300.00249999999,10860.88293147643,0.38520549315068486,0.0
2021-01-12,28.0,28.4,0.0,5.0,82160.49639038053,71000.0,11160.496390380533,0.38904109589041097,999.9999999999965
2021-01-13,28.4,28.4,1.0,5.0,82160.10734928465,71000.0,11160.107349284648,0.38904109589041097,0.0
2021-01-14,28.52,28.639999,0.0,5.0,82459.71252053122,71599.9975,10859.715020531221,0.39232875342465756,299.99749999999995
2021-01-15,28.6,28.780001,1.0,5.0,82909.32077394216,71950.0025,10959.31827394216,0.39424658904109594,450.002499999993
2021-01-18,28.58,29.0,0.0,5.0,83958.9235136682,72500.0,11458.923513668196,0.3972602739726027,1050.0000000000043
2021-01-19,29.219999,29.799999,1.0,5.0,85408.51529450381,74499.99750000001,10908.517794503801,0.40821916438356176,1449.9999999999957
2021-01-20,29.799999,30.08,0.0,5.0,86108.1057397093,75199.99999999999,10908.10573970931,0.4120547945205479,700.0024999999965
2021-01-21,30.120001,30.059999,0.0,5.0,85957.68895890108,75149.9975,10807.691458901085,0.41178080821917806,-150.00499999999306
2021-01-22,30.0,29.620001,0.0,5.0,85007.28570546272,74050.00249999999,10957.283205462736,0.40575343835616434,-949.9975000000038
2021-01-25,29.82,30.280001,0.0,5.0,86156.87341092849,75700.0025,10456.870910928483,0.4147945342465754,1150.0024999999957
2021-01-26,30.1,29.559999,1.0,5.0,84806.46597943534,73899.9975,10906.468479435338,0.40493149315068494,-1350.0025000000005
2021-01-27,29.620001,29.459999,-1.0,-5.0,85206.06741780518,73649.9975,11556.069917805187,0.4035616301369863,400.0049999999966
2021-01-28,29.120001,28.700001,0.0,-5.0,86255.67426710656,71750.00249999999,14505.67176710657,0.39315069863013696,1049.9999999999955
2021-01-29,28.9,28.459999,0.0,-5.0,87355.28690410656,71149.9975,16205.28940410656,0.389863,1100.0024999999969
2021-02-01,28.540001,29.059999,0.0,-5.0,86054.89382192848,72649.9975,13404.896321928478,0.39808217808219176,-1299.9950000000026
2021-02-02,29.26,29.42,1.0,5.0,86454.49080822985,73550.00000000001,12904.490808229835,0.40301369863013703,400.00000000000034
2021-02-03,29.48,29.459999,0.0,5.0,86404.0847465997,73649.9975,12754.087246599709,0.4035616301369863,-50.002500000001504
2021-02-04,29.32,29.24,0.0,5.0,86203.6841986545,73100.0,13103.684198654504,0.4005479452054795,-200.0000000000046
2021-02-05,29.459999,29.48,0.0,5.0,86253.28286303807,73700.0,12553.282863038068,0.4038356164383562,50.002500000001504
2021-02-08,29.719999,29.5,0.0,5.0,85702.88125344903,73750.0,11952.881253449028,0.4041095890410959,-549.9975000000035
2021-02-09,29.540001,29.58,0.0,5.0,85802.47354796957,73949.99999999999,11852.473547969581,0.4052054794520547,99.9974999999953
2021-02-10,29.860001,30.26,1.0,5.0,86802.05652742162,75650.0,11152.05652742162,0.4145205479452055,999.9975000000028
2021-02-11,30.32,30.32,1.0,5.0,86801.64118495586,75800.0,11001.641184955864,0.41534246575342465,0.0
2021-02-16,30.719999,30.9,1.0,5.0,87251.22039728462,77250.0,10001.220397284618,0.4232876712328767,450.002499999993
2021-02-17,30.700001,31.24,0.0,5.0,88600.78995207914,78100.0,10500.78995207914,0.4279452054794521,1349.9974999999954
2021-02-18,31.299999,30.780001,1.0,5.0,87300.37330822981,76950.0025,10350.37080822981,0.42164384931506854,-1299.9950000000026
2021-02-19,30.700001,30.799999,-1.0,-5.0,87049.9563904353,76999.99750000001,10049.958890435286,0.42191779452054806,-249.9949999999984
2021-02-22,31.02,30.52,1.0,5.0,85799.53830824351,76300.0,9499.538308243515,0.4180821917808219,-1250.0
2021-02-23,30.4,30.799999,-1.0,-5.0,84799.118890449,76999.99750000001,7799.121390448985,0.42191779452054806,-999.9975000000028
2021-02-24,31.0,29.879999,1.0,5.0,81998.7070753942,74699.99750000001,7298.709575394183,0.40931505479452057,-2800.002499999996
2021-02-25,30.24,30.32,-1.0,-5.0,81798.29173292844,75800.0,5998.291732928439,0.41534246575342465,-200.0000000000046
2021-02-26,29.700001,29.219999,1.0,5.0,80597.88645896953,73049.9975,7547.888958969532,0.4002739589041096,-1200.0049999999974
2021-03-01,29.540001,29.58,-1.0,-5.0,80497.48375349007,73949.99999999999,6547.483753490087,0.4052054794520547,-99.9974999999953
2021-03-02,29.74,29.24,0.0,-5.0,81747.08320554487,73100.0,8647.08320554487,0.4005479452054795,1250.0
2021-03-03,29.299999,30.0,-1.0,-5.0,79996.66974664076,75000.0,4996.669746640764,0.410958904109589,-1750.0025000000007
2021-03-04,29.58,29.42,1.0,5.0,79596.26673294215,73550.00000000001,6046.266732942138,0.40301369863013703,-399.9999999999915
2021-03-05,29.0,29.24,-1.0,-5.0,78995.86618499695,73100.0,5895.86618499695,0.4005479452054795,-599.9999999999961
2021-03-08,29.58,28.74,1.0,5.0,76895.47248636681,71850.0,5045.472486366809,0.39369863013698636,-2099.9999999999995
2021-03-09,28.860001,28.959999,-1.0,-5.0,76645.08077405175,72399.9975,4245.083274051751,0.39671231506849314,-249.9949999999984
2021-03-10,29.299999,29.139999,1.0,5.0,76244.68159598326,72849.9975,3394.6840959832625,0.3991780684931507,-400.00000000000034
2021-03-11,29.18,29.58,0.0,5.0,77244.2763905038,73949.99999999999,3294.2763905038155,0.4052054794520547,999.9999999999965
2021-03-12,29.799999,29.0,1.0,5.0,75243.88163022984,72500.0,2743.8816302298364,0.3972602739726027,-1999.9974999999993
2021-03-15,29.16,29.120001,-1.0,-5.0,75343.48022610655,72800.00249999999,2543.477726106561,0.39890412328767116,99.99750000000418
2021-03-16,29.32,29.26,1.0,5.0,75193.07940418874,73150.0,2043.079404188742,0.4008219178082192,-149.99999999999682
2021-03-17,29.280001,29.299999,0.0,5.0,75242.67303433943,73249.99750000001,1992.675534339418,0.4013698493150686,49.995000000002676
2021-03-18,29.58,29.66,1.0,5.0,75442.26673296957,74150.0,1292.2667329695687,0.40630136986301374,200.0000000000046
2021-03-19,29.48,29.18,0.0,5.0,74691.86700694218,72950.0,1741.8670069421787,0.39972602739726026,-750.0000000000018
2021-03-22,29.08,29.1,-1.0,-5.0,74641.46837680518,72750.0,1891.4683768051764,0.39863013698630134,-50.000000000007816
2021-03-23,29.18,28.799999,0.0,-5.0,75591.07635627093,71999.99750000001,3591.0788562709204,0.39452053424657546,950.0025
2021-03-24,28.719999,28.120001,-1.0,-5.0,77090.6861507778,70300.00249999999,6790.683650777806,0.38520549315068486,1499.9950000000074
2021-03-25,27.98,28.16,0.0,-5.0,76640.30039735313,70400.0,6240.30039735313,0.38575342465753426,-449.9999999999993
2021-03-26,28.26,28.559999,1.0,5.0,77389.90666449012,71399.9975,5989.90916449012,0.39123286301369864,749.9974999999993
2021-03-29,28.559999,28.620001,0.0,5.0,77539.51960968188,71550.00249999999,5989.517109681896,0.39205480821917804,150.00499999999306
2021-03-30,28.68,28.82,0.0,5.0,77889.12481516134,72050.0,5839.12481516134,0.39479452054794517,350.0000000000014
2021-03-31,29.0,28.66,1.0,5.0,77038.73221242162,71650.0,5388.732212421615,0.39260273972602744,-849.9999999999997
2021-04-01,28.82,29.16,0.0,5.0,77888.33276036681,72900.0,4988.332760366815,0.39945205479452056,849.9999999999997
2021-04-07,29.32,28.9,1.0,5.0,76837.93686995585,72250.0,4587.9368699558545,0.3958904109589041,-1050.0000000000043
2021-04-08,28.76,29.280001,0.0,5.0,78137.53827405174,73200.0025,4937.535774051736,0.4010959041095891,1300.0024999999926
2021-04-09,29.32,29.0,1.0,5.0,77337.14101377777,72500.0,4837.141013777771,0.3972602739726027,-800.0000000000007
2021-04-12,29.0,28.639999,-1.0,-5.0,78236.75118502435,71599.9975,6636.753685024349,0.39232875342465756,900.0025000000012
2021-04-13,28.780001,28.92,0.0,-5.0,77886.35752064077,72300.00000000001,5586.357520640755,0.3961643835616439,-349.99750000000773
2021-04-14,29.0,29.200001,0.0,-5.0,77385.95502062707,73000.00249999999,4385.952520627077,0.4000000136986301,-500.0025000000008
2021-04-15,29.139999,29.02,1.0,5.0,77085.5599863805,72550.0,4535.559986380496,0.3975342465753425,-299.99749999999995
2021-04-16,29.08,29.24,0.0,5.0,77485.1594384353,73100.0,4385.159438435294,0.4005479452054795,400.00000000000034
2021-04-19,29.24,29.379999,1.0,5.0,77834.75447269558,73449.99750000001,4384.75697269557,0.40246573972602745,349.99750000000773
2021-04-20,29.200001,29.360001,0.0,5.0,78234.35228090106,73400.0025,4834.349780901059,0.40219179452054793,400.00000000000034
2021-04-21,29.02,28.9,0.0,5.0,77933.9563904901,72250.0,5683.956390490101,0.3958904109589041,-300.0000000000025
2021-04-22,28.98,29.0,-1.0,-5.0,77883.55913021613,72500.0,5383.559130216134,0.3972602739726027,-49.999999999998934
2021-04-23,29.0,29.360001,0.0,-5.0,76983.15443842161,73400.0025,3583.151938421608,0.40219179452054793,-900.0025000000012
2021-04-26,29.360001,29.219999,1.0,5.0,76632.7491644627,73049.9975,3582.751664462703,0.4002739589041096,-350.00499999999766
2021-04-27,29.16,29.16,0.0,5.0,76632.3497124079,72900.0,3732.3497124079004,0.39945205479452056,0.0
2021-04-28,29.200001,29.34,0.0,5.0,76981.94529459967,73350.0,3631.9452945996745,0.4019178082191781,349.99749999999887
2021-04-29,29.34,29.459999,0.0,5.0,77281.53923296953,73649.9975,3631.5417329695338,0.4035616301369863,299.99749999999995
2021-04-30,29.26,28.799999,0.0,5.0,76131.14221243528,71999.99750000001,4131.144712435271,0.39452053424657546,-1150.0025000000046
2021-05-03,28.860001,28.48,-1.0,-5.0,77080.75457544898,71200.0,5880.754575448984,0.3901369863013699,950.0025
2021-05-04,28.5,28.780001,0.0,-5.0,76380.35782885994,71950.0025,4430.355328859936,0.39424658904109594,-700.0024999999965
2021-05-05,28.6,28.639999,0.0,-5.0,76279.96800010651,71599.9975,4679.970500106516,0.39232875342465756,-99.9974999999953
2021-05-06,28.74,28.780001,0.0,-5.0,76179.57125351747,71950.0025,4229.568753517466,0.39424658904109594,-100.00250000000044
2021-05-07,28.940001,28.82,0.0,-5.0,76479.17895899693,72050.0,4429.178958996927,0.39479452054794517,300.0024999999962
2021-05-10,28.959999,28.74,0.0,-5.0,77028.78276036678,71850.0,5178.782760366783,0.39369863013698636,549.9975000000035
2021-05-11,28.440001,28.120001,0.0,-5.0,77828.39755487363,70300.00249999999,7528.395054873647,0.38520549315068486,800.0000000000007
2021-05-12,28.18,28.4,0.0,-5.0,77278.00851377775,71000.0,6278.00851377775,0.38904109589041097,-549.9999999999972
2021-05-13,28.1,27.98,0.0,-5.0,77577.62522610652,69950.0,7627.625226106524,0.3832876712328767,300.0000000000025
2021-05-14,28.1,28.200001,0.0,-5.0,77327.23642472296,70500.00249999999,6827.233924722968,0.3863013835616438,-250.00249999999724
2021-05-17,28.299999,28.379999,0.0,-5.0,77126.84765761337,70949.99750000001,6176.850157613357,0.38876710958904115,-200.0000000000046
2021-05-18,28.52,28.780001,1.0,5.0,77776.45591102433,71950.0025,5826.453411024326,0.39424658904109594,650.0024999999976
2021-05-20,28.52,28.620001,1.0,5.0,78026.0663562161,71550.00249999999,6476.063856216118,0.39205480821917804,250.00249999999724
2021-05-21,28.719999,28.639999,0.0,5.0,77825.67402746268,71599.9975,6225.676527462681,0.39232875342465756,-200.0000000000046
2021-05-24,28.639999,28.66,0.0,5.0,77875.28392472296,71650.0,6225.283924722957,0.39260273972602744,50.002500000001504
2021-05-25,28.700001,29.18,0.0,5.0,79074.88169869556,72950.0,6124.881698695564,0.39972602739726026,1199.9974999999986
2021-05-26,29.219999,29.379999,1.0,5.0,79474.47923295584,73449.99750000001,6024.481732955828,0.40246573972602745,400.00000000000034
2021-05-27,29.379999,29.379999,0.0,5.0,79474.07676721612,73449.99750000001,6024.079267216104,0.40246573972602745,0.0
2021-05-28,29.440001,29.42,0.0,5.0,79423.6712535175,73550.00000000001,5873.671253517488,0.40301369863013703,-50.00249999999262
2021-05-31,29.42,29.4,0.0,5.0,79373.26851379147,73500.0,5873.268513791467,0.40273972602739727,-50.000000000007816
2021-06-01,29.4,29.780001,0.0,5.0,80322.86306857229,74450.0025,5872.860568572287,0.40794521917808224,950.0025
2021-06-02,29.76,29.58,1.0,5.0,79872.45786309282,73949.99999999999,5922.45786309283,0.4052054794520547,-450.0000000000082
2021-06-03,29.58,29.26,0.0,5.0,79072.05704117502,73150.0,5922.057041175023,0.4008219178082192,-799.9999999999918
2021-06-04,29.139999,29.24,-1.0,-5.0,78821.65399322982,73100.0,5721.653993229818,0.4005479452054795,-250.00249999999724
2021-06-07,29.299999,29.139999,0.0,-5.0,79221.25481516133,72849.9975,6371.257315161332,0.3991780684931507,400.00000000000034
2021-06-08,29.219999,29.120001,0.0,-5.0,79470.85091103805,72800.00249999999,6670.848411038067,0.39890412328767116,249.99500000000728
2021-06-09,29.139999,29.1,0.0,-5.0,79570.44978090106,72750.0,6820.4497809010645,0.39863013698630134,99.9974999999953
2021-06-10,29.1,29.08,0.0,-5.0,79620.0514247367,72699.99999999999,6920.05142473671,0.3983561643835616,50.000000000007816
2021-06-11,29.16,29.200001,0.0,-5.0,79519.64892472299,73000.00249999999,6519.646424723003,0.4000000136986301,-100.00250000000044
2021-06-15,29.26,29.0,0.0,-5.0,80169.25166444902,72500.0,7669.251664449024,0.3972602739726027,650.0000000000039
2021-06-16,29.0,28.799999,0.0,-5.0,80668.85964391478,71999.99750000001,8668.862143914768,0.39452053424657546,500.0025000000008
2021-06-17,28.66,28.879999,0.0,-5.0,80118.46652749012,72199.99750000001,7918.469027490108,0.39561642465753427,-549.9975000000035
2021-06-18,28.9,29.16,1.0,5.0,80768.06707543532,72900.0,7868.06707543532,0.39945205479452056,650.0000000000039
2021-06-21,28.92,28.860001,1.0,5.0,80617.67423295588,72150.0025,8467.671732955874,0.3953424794520548,-149.99750000000313
2021-06-22,28.940001,28.66,0.0,5.0,79917.27913021615,71650.0,8267.27913021615,0.39260273972602744,-700.0024999999965
2021-06-23,28.799999,29.219999,0.0,5.0,80966.87885625724,73049.9975,7916.881356257247,0.4002739589041096,1050.0000000000043
2021-06-24,29.219999,29.280001,1.0,5.0,81116.48276035313,73200.0025,7916.480260353128,0.4010959041095891,150.00499999999306
2021-06-25,29.360001,29.620001,0.0,5.0,81766.07700691477,74050.00249999999,7716.0745069147815,0.40575343835616434,649.999999999995
2021-06-28,29.639999,29.639999,1.0,5.0,81765.6709795312,74099.9975,7665.673479531208,0.40602738356164386,0.0
2021-06-29,29.639999,29.42,0.0,5.0,81215.27046583258,73550.00000000001,7665.270465832567,0.40301369863013703,-549.9974999999946
2021-06-30,29.48,29.24,0.0,5.0,80614.86991788738,73100.0,7514.869917887379,0.4005479452054795,-600.000000000005
2021-07-02,29.24,28.74,0.0,5.0,79364.47621925724,71850.0,7514.476219257238,0.39369863013698636,-1250.0
2021-07-05,28.700001,28.639999,-1.0,-5.0,79514.08889050382,71599.9975,7914.091390503818,0.39232875342465756,150.00500000000193
2021-07-06,28.639999,28.559999,0.0,-5.0,79713.6976576408,71399.9975,8313.700157640807,0.39123286301369864,199.99999999999574
2021-07-07,28.48,28.540001,0.0,-5.0,79563.304198723,71350.0025,8213.301698722993,0.3909589178082192,-150.00249999999937
2021-07-08,28.4,27.74,0.0,-5.0,81212.92419872299,69350.0,11862.92419872299,0.38000000000000006,1650.0000000000005
2021-07-09,27.74,27.940001,-1.0,-5.0,80712.53895898326,69850.0025,10862.53645898326,0.38273973972602743,-500.0025000000008
2021-07-12,28.139999,28.1,1.0,5.0,80612.15652747641,70250.0,10362.156527476414,0.38493150684931504,-99.9974999999953
2021-07-13,28.200001,28.48,0.0,5.0,81311.76389049011,71200.0,10111.76389049011,0.3901369863013699,699.9975000000003
2021-07-14,28.440001,28.299999,1.0,5.0,80961.37121927092,70749.99750000001,10211.373719270909,0.3876712191780823,-350.00499999999766
2021-07-15,28.299999,28.5,0.0,5.0,81460.98330831202,71250.0,10210.983308312017,0.3904109589041096,500.0025000000008
2021-07-16,28.42,28.6,1.0,5.0,81910.5915274901,71500.0,10410.591527490105,0.3917808219178082,449.9999999999993
2021-07-19,28.280001,28.0,0.0,5.0,81210.20546584627,70000.0,11210.205465846273,0.3835616438356164,-700.0024999999965
2021-07-20,27.9,27.76,-1.0,-5.0,81559.82519187365,69400.0,12159.82519187365,0.38027397260273976,349.99999999999255
2021-07-21,27.9,27.76,0.0,-5.0,81909.44491790103,69400.0,12509.444917901026,0.38027397260273976,349.99999999999255
2021-07-22,27.959999,28.24,0.0,-5.0,81209.05556858596,70600.0,10609.055568585958,0.3868493150684932,-700.0024999999965
2021-07-23,28.24,27.860001,1.0,5.0,80258.67642473665,69650.0025,10608.67392473665,0.3816438493150685,-949.997499999995
2021-07-26,27.5,26.700001,-1.0,-5.0,82258.3081712983,66750.00249999999,15508.305671298309,0.36575343835616436,1999.9974999999993
2021-07-27,26.540001,25.66,-1.0,-5.0,84457.95916444898,64150.00000000001,20307.959164448977,0.35150684931506854,2200.0025
2021-07-28,26.0,26.040001,-1.0,-5.0,84357.59995210651,65100.0025,19257.597452106507,0.35671234246575345,-100.00250000000044
2021-07-29,26.620001,26.84,1.0,6.0,85017.15574662706,80520.0,4497.155746627061,0.4412054794520548,659.9970000000042
2021-07-30,26.559999,26.52,1.0,6.0,84896.72280142158,79560.0,5336.72280142158,0.4359452054794521,-119.99700000000502
2021-08-02,26.559999,26.719999,0.0,6.0,85376.28356856131,80159.997,5216.286568561307,0.4392328602739726,480.00000000000045
2021-08-03,26.74,26.68,1.0,6.0,85195.84499321884,80039.99999999999,5155.844993218852,0.43857534246575336,-179.99999999999616
2021-08-04,26.620001,26.940001,0.0,6.0,86155.40214388733,80820.003,5335.3991438873345,0.4428493315068493,960.0000000000009
2021-08-05,26.92,26.719999,1.0,6.0,85554.95991102706,80159.997,5394.962911027062,0.4392328602739726,-600.003000000001
2021-08-06,26.719999,26.700001,0.0,6.0,85494.52700690103,80100.003,5394.524006901032,0.43890412602739726,-59.99400000000321
2021-08-09,26.5,26.76,0.0,6.0,86274.08711649007,80280.0,5994.087116490075,0.43989041095890413,780.0000000000047
2021-08-10,26.940001,27.08,0.0,6.0,86693.63896580515,81240.0,5453.6389658051485,0.44515068493150683,419.9969999999986
2021-08-11,27.0,27.139999,0.0,6.0,87113.18982883528,81419.99699999999,5693.192828835294,0.44613696986301365,419.9969999999986
2021-08-12,27.139999,26.98,0.0,6.0,86632.74932198596,80940.0,5692.749321985961,0.4435068493150685,-479.99699999999734
2021-08-13,26.879999,26.9,0.0,6.0,86692.31013020514,80699.99999999999,5992.310130205151,0.44219178082191773,60.00299999999115
2021-08-16,26.879999,26.719999,0.0,6.0,86211.87089734487,80159.997,6051.8738973448635,0.4392328602739726,-480.00000000000045
2021-08-17,26.700001,26.26,0.0,6.0,84891.436226112,78780.0,6111.436226111997,0.43167123287671233,-1320.0029999999963
2021-08-18,26.32,26.379999,-1.0,-6.0,84711.00558229281,79139.997,5571.008582292809,0.43364381917808226,-179.99700000000374
2021-08-19,26.299999,25.84,0.0,-6.0,86090.57781516953,77520.0,8570.577815169527,0.4247671232876712,1379.9969999999994
2021-08-20,25.84,25.379999,-1.0,-6.0,87470.1636097065,76139.997,11330.166609706503,0.41720546301369865,1380.002999999995
2021-08-23,25.68,25.68,0.0,-6.0,87469.7414727202,77039.99999999999,10429.741472720212,0.4221369863013698,-0.0
2021-08-24,25.98,26.24,0.0,-6.0,86689.31013025444,78720.0,7969.310130254438,0.43134246575342466,-779.9999999999941
2021-08-25,26.42,26.26,1.0,6.0,86208.87845902157,78780.0,7428.8784590215655,0.43167123287671233,-480.00000000000045
2021-08-26,26.139999,25.98,0.0,6.0,85728.45439052841,77940.0,7788.454390528408,0.4270684931506849,-479.99699999999734
2021-08-27,25.98,25.959999,0.0,6.0,85668.02465081883,77879.997,7788.027650818825,0.4267397095890411,-60.003000000001805
2021-08-30,25.98,26.1,0.0,6.0,86027.59560972294,78300.00000000001,7727.595609722921,0.429041095890411,360.00000000000296
2021-08-31,26.08,26.42,0.0,6.0,87047.16130835308,79260.0,7787.161308353083,0.4343013698630137,1020.0000000000102
2021-09-01,26.4,26.6,0.0,6.0,87646.72404807912,79800.00000000001,7846.724048079108,0.4372602739726028,600.0000000000085
2021-09-02,26.719999,26.700001,0.0,6.0,87586.29114395309,80100.003,7486.28814395309,0.43890412602739726,-59.99400000000321
2021-09-03,26.58,26.540001,0.0,6.0,87465.85786996406,79620.003,7845.854869964067,0.4362739890410959,-119.99699999999436
2021-09-06,26.540001,26.76,0.0,6.0,88125.41497955311,80280.0,7845.414979553112,0.43989041095890413,659.9970000000042
2021-09-07,26.799999,26.98,1.0,6.0,88664.97447270379,80940.0,7724.9744727037905,0.4435068493150685,540.0030000000022
2021-09-08,26.98,26.9,0.0,6.0,88424.53228092297,80699.99999999999,7724.532280922984,0.44219178082191773,-240.00000000000554
2021-09-09,26.719999,26.34,0.0,6.0,87284.1022946216,79020.0,8264.102294621596,0.432986301369863,-1139.9970000000046
2021-09-10,26.48,26.84,-1.0,-6.0,86203.66108914214,80520.0,5683.661089142144,0.4412054794520548,-1079.9999999999982
2021-09-13,26.540001,26.459999,1.0,6.0,85963.22013025449,79379.997,6583.223130254482,0.4349588876712329,-240.00600000000105
2021-09-14,26.48,26.16,-1.0,-6.0,86922.79010285722,78480.0,8442.790102857223,0.430027397260274,960.0000000000009
2021-09-15,26.0,25.780001,0.0,-6.0,87582.36332201886,77340.003,10242.360322018867,0.42378083835616437,659.9970000000042
2021-09-16,25.700001,25.360001,0.0,-6.0,88601.9464452901,76080.00300000001,12521.94344529009,0.4168767287671234,1019.9999999999995
2021-09-17,25.299999,25.58,0.0,-6.0,87761.52295213942,76740.0,11021.522952139421,0.4204931506849315,-840.0029999999958
2021-09-20,25.34,24.76,1.0,6.0,86021.1159384408,74280.0,11741.115938440795,0.407013698630137,-1739.999999999995
2021-09-21,24.559999,24.860001,-1.0,-7.0,84970.63217129833,87010.00349999999,-2039.371328701658,0.4767671424657534,-1050.0069999999973
2021-09-23,25.18,25.18,1.0,6.0,84970.21825349011,75539.99999999999,9430.218253490122,0.41391780821917806,0.0
2021-09-24,25.1,24.860001,0.0,6.0,84249.81259593942,74580.00300000001,9669.809595939412,0.4086575506849316,-719.9970000000029
2021-09-27,24.799999,24.82,0.0,6.0,84309.40759593942,74460.00000000001,9849.40759593941,0.40800000000000014,60.003000000001805
2021-09-28,24.9,25.120001,0.0,6.0,84968.99766441614,75360.003,9608.99466441614,0.4129315232876712,660.0029999999997
2021-09-29,24.98,25.32,1.0,6.0,85988.58144523806,75960.00000000001,10028.581445238044,0.4162191780821919,1019.9999999999995
2021-09-30,25.16,25.219999,1.0,6.0,86168.16386991204,75659.997,10508.166869912035,0.4145753260273973,179.99700000000374
2021-10-04,25.16,24.719999,0.0,6.0,84847.7545137641,74159.997,10687.757513764096,0.4063561479452055,-1320.0029999999963
2021-10-05,24.440001,24.76,-1.0,-6.0,83887.35050006547,74280.0,9607.35050006547,0.407013698630137,-959.9970000000085
2021-10-06,24.879999,24.620001,1.0,6.0,83106.95178772026,73860.003,9246.948787720263,0.4047123452054794,-779.9940000000092
2021-10-07,24.940001,25.360001,-1.0,-6.0,81846.5349109915,76080.00300000001,5766.531910991485,0.4168767287671234,-1260.000000000005
2021-10-08,25.620001,25.48,1.0,6.0,81426.11306167643,76440.0,4986.113061676428,0.41884931506849316,-420.00299999999413
2021-10-11,25.700001,25.940001,0.0,6.0,82145.68665070109,77820.003,4325.6836507010885,0.42641097534246575,719.9999999999953
2021-10-12,25.700001,25.6,1.0,6.0,81845.26282878328,76800.00000000001,5045.262828783263,0.42082191780821926,-300.0029999999967
2021-10-15,25.82,25.98,0.0,6.0,82324.83576029012,77940.0,4384.835760290123,0.4270684931506849,480.00000000000045
2021-10-18,26.08,26.1,1.0,6.0,82384.40671919424,78300.00000000001,4084.4067191942304,0.429041095890411,60.00000000000938
2021-10-19,26.16,26.440001,0.0,6.0,83223.97508904082,79320.003,3903.9720890408207,0.43463015342465755,840.0029999999958
2021-10-20,26.66,26.82,1.0,6.0,83703.5342123285,80460.00000000001,3243.534212328479,0.44087671232876724,480.00000000000045
2021-10-21,26.799999,26.620001,0.0,6.0,83163.10262327096,79860.003,3303.0996232709585,0.43758905753424654,-539.9940000000037
2021-10-22,26.76,26.76,0.0,6.0,83162.66273286,80280.0,2882.6627328600007,0.43989041095890413,0.0
2021-10-25,26.68,26.780001,0.0,6.0,83462.22551366547,80340.003,3122.2225136654743,0.4402191945205479,300.0029999999967
2021-10-26,26.879999,26.68,0.0,6.0,82861.789938323,80039.99999999999,2821.7899383230106,0.43857534246575336,-599.9970000000054
2021-10-27,26.440001,26.280001,0.0,6.0,82381.35793830655,78840.003,3541.3549383065547,0.4320000164383561,-480.00000000000045
2021-10-28,26.280001,26.18,0.0,6.0,82080.92458214216,78539.99999999999,3540.924582142179,0.4303561643835616,-300.0029999999967
2021-10-29,25.639999,25.52,0.0,6.0,81720.50807529285,76560.0,5160.508075292848,0.4195068493150685,-359.9969999999999
2021-11-01,25.42,25.299999,0.0,6.0,81360.08918489832,75899.997,5460.092184898313,0.41589039452054793,-360.00300000000607
2021-11-02,25.639999,25.299999,0.0,6.0,80339.6732945038,75899.997,4439.676294503792,0.41589039452054793,-1019.9999999999995
2021-11-03,25.18,25.16,-1.0,-6.0,80399.2597054627,75480.0,4919.259705462697,0.41358904109589045,59.99999999999872
2021-11-04,25.26,25.379999,0.0,-6.0,80038.84549999968,76139.997,3898.8484999996726,0.41720546301369865,-359.9969999999999
2021-11-05,25.120001,25.08,0.0,-6.0,80158.43622602707,75240.0,4918.436226027072,0.4122739726027397,120.00300000000053
2021-11-08,24.98,24.959999,0.0,-6.0,80218.02892467365,74879.997,5338.031924673647,0.41030135342465757,60.003000000001805
2021-11-09,25.059999,24.959999,0.0,-6.0,80517.61862332023,74879.997,5637.6216233202285,0.41030135342465757,300.00000000000426
2021-11-10,24.9,25.16,0.0,-6.0,79737.20503427913,75480.0,4257.2050342791335,0.41358904109589045,-780.0000000000047
2021-11-11,25.02,25.440001,0.0,-6.0,78476.78384248188,76320.003,2156.7808424818795,0.41819179726027395,-1260.0029999999974
2021-11-12,25.66,25.5,1.0,6.0,77996.36466439969,76500.0,1496.3646643996908,0.4191780821917808,-480.00000000000045
2021-11-15,25.559999,25.559999,0.0,6.0,77995.94450003256,76679.997,1315.947500032562,0.4201643671232877,0.0
2021-11-16,25.6,25.799999,1.0,6.0,78595.51739045995,77399.997,1195.5203904599475,0.42410957260273974,599.9969999999948
2021-11-17,25.74,25.780001,1.0,6.0,78715.09660962159,77340.003,1375.0936096215883,0.42378083835616437,120.00300000000053
2021-11-18,25.52,25.4,0.0,6.0,78354.67907537501,76199.99999999999,2154.6790753750247,0.4175342465753424,-360.00000000000296
2021-11-19,25.1,25.18,0.0,6.0,78594.26515756678,75539.99999999999,3054.2651575667987,0.41391780821917806,239.99999999999488
2021-11-22,25.200001,25.1,0.0,6.0,78293.84955482706,75300.00000000001,2993.849554827044,0.41260273972602746,-300.0029999999967
2021-11-23,24.860001,24.82,0.0,6.0,78173.43855482707,74460.00000000001,3713.438554827051,0.40800000000000014,-120.00300000000053
2021-11-24,24.879999,24.860001,0.0,6.0,78113.03589727638,74580.00300000001,3533.0328972763673,0.4086575506849316,-59.99400000000321
2021-11-25,24.82,24.92,0.0,6.0,78412.62625344076,74760.0,3652.626253440758,0.40964383561643836,300.00000000000426
2021-11-26,24.68,24.26,0.0,6.0,77152.22745892021,72780.0,4372.227458920213,0.39879452054794523,-1259.9999999999945
2021-11-29,24.120001,24.139999,-1.0,-6.0,77091.83663701883,72419.99699999999,4671.839637018842,0.396821901369863,-59.99400000000321
2021-11-30,24.1,23.620001,0.0,-6.0,78531.4453630298,70860.003,7671.442363029797,0.38827398904109583,1439.997000000009
2021-12-01,23.719999,23.84,0.0,-6.0,78171.05047261884,71520.0,6651.050472618837,0.3918904109589041,-360.0029999999954
2021-12-02,23.74,23.959999,0.0,-6.0,77510.65960962158,71879.997,5630.662609621577,0.39386299726027396,-659.9970000000042
2021-12-03,23.879999,23.92,0.0,-6.0,77390.26340414213,71760.0,5630.263404142126,0.3932054794520548,-120.00300000000053
2021-12-06,23.6,23.5,0.0,-6.0,77689.87710277227,70500.0,7189.877102772269,0.3863013698630137,300.00000000000426
2021-12-07,23.82,24.139999,0.0,-6.0,76729.48328087089,72419.99699999999,4309.4862808709,0.396821901369863,-959.9969999999978
2021-12-08,24.200001,24.16,1.0,6.0,76609.08313018596,72480.0,4129.083130185958,0.39715068493150685,-120.00300000000053
2021-12-09,24.299999,24.379999,0.0,6.0,76848.6823630791,73139.997,3708.685363079101,0.4007671068493151,240.00000000000554
2021-12-10,24.219999,24.120001,1.0,6.0,76548.29186991198,72360.003,4188.288869911979,0.39649316712328764,-299.9940000000088
2021-12-13,24.360001,24.139999,0.0,6.0,75887.88904801059,72419.99699999999,3467.8920480106026,0.396821901369863,-660.0060000000028
2021-12-14,23.84,23.76,0.0,6.0,75647.49847266813,71280.0,4367.498472668129,0.39057534246575343,-239.99999999999488
2021-12-15,23.82,23.58,0.0,6.0,74927.11085622977,70740.0,4187.110856229774,0.38761643835616433,-720.0000000000059
2021-12-16,23.52,23.66,0.0,6.0,75346.72192472292,70980.0,4366.721924722922,0.3889315068493151,420.0000000000017
2021-12-17,23.639999,23.34,0.0,6.0,74446.34125349004,70020.0,4426.341253490042,0.3836712328767123,-899.996999999999
2021-12-20,23.219999,22.9,-1.0,-6.0,75405.96181513388,68699.99999999999,6705.961815133895,0.3764383561643835,959.9970000000085
2021-12-21,22.92,23.1,0.0,-6.0,74865.58208910648,69300.00000000001,5565.582089106465,0.37972602739726036,-539.9999999999991
2021-12-22,23.32,23.200001,0.0,-6.0,75225.19771922703,69600.003,5625.194719227031,0.3813698794520548,359.9969999999999
2021-12-23,23.299999,23.34,0.0,-6.0,75104.81104799415,70020.0,5084.811047994153,0.3836712328767123,-120.00300000000053
2021-12-24,23.4,23.4,0.0,-6.0,75104.4263904599,70199.99999999999,4904.426390459921,0.3846575342465753,-0.0
2021-12-28,23.4,23.42,0.0,-6.0,75044.04140415852,70260.0,4784.041404158517,0.38498630136986306,-60.00000000000938
2021-12-29,23.379999,23.200001,0.0,-6.0,75583.65403427907,69600.003,5983.651034279072,0.3813698794520548,539.9940000000037
2021-12-30,23.219999,23.280001,0.0,-6.0,75403.26534933112,69840.003,5563.262349331126,0.38268494794520547,-180.00599999999167
2021-12-31,23.559999,23.559999,0.0,-6.0,75402.87806167633,70679.997,4722.881061676322,0.38728765479452054,-0.0
2022-01-03,23.66,23.4,0.0,-6.0,76182.49340414208,70199.99999999999,5982.493404142093,0.3846575342465753,780.0000000000047
2022-01-04,23.52,23.440001,0.0,-6.0,76422.10508905715,70320.003,6102.102089057153,0.38531508493150685,239.99700000000246
2022-01-05,23.440001,23.040001,0.0,-6.0,77621.72634931469,69120.003,8501.723349314692,0.3787397424657534,1199.9999999999957
2022-01-06,23.0,23.219999,0.0,-6.0,76961.34765070099,69659.997,7301.350650700988,0.3816986136986302,-659.9970000000042
2022-01-07,23.4,23.639999,0.0,-6.0,76240.9620479777,70919.99699999999,5320.965047977705,0.3886027232876712,-719.9970000000029
2022-01-10,23.620001,23.84,0.0,-6.0,75580.57315756673,71520.0,4060.5731575667305,0.3918904109589041,-659.9970000000042
2022-01-11,23.82,23.860001,0.0,-6.0,75460.17793837222,71580.00300000001,3880.1749383722054,0.39221919452054804,-120.00300000000053
2022-01-12,24.120001,24.5,0.0,-6.0,74319.77819864619,73500.0,819.7781986461923,0.40273972602739727,-1139.9970000000046
2022-01-13,24.639999,24.559999,0.0,-6.0,74559.37447263523,73679.997,879.3774726352276,0.4037260109589041,239.99999999999488
2022-01-14,24.299999,24.48,0.0,-6.0,74018.96906167633,73440.0,578.9690616763255,0.40241095890410955,-540.0030000000022
2022-01-17,24.48,24.34,0.0,-6.0,74438.56895208728,73020.0,1418.5689520872838,0.4001095890410959,420.0000000000017
2022-01-18,24.379999,24.26,0.0,-6.0,74798.16715756674,72780.0,2018.1671575667424,0.39879452054794523,359.9969999999999
2022-01-19,24.26,24.219999,0.0,-6.0,74917.77202059688,72659.997,2257.775020596877,0.3981369698630137,120.00300000000053
2022-01-20,24.360001,25.08,0.0,-6.0,72757.36274662429,75240.0,-2482.6372533757094,0.4122739726027397,-2159.9969999999935
2022-01-21,25.0,25.059999,0.0,-6.0,72576.95380143524,75179.997,-2603.043198564759,0.4119451890410959,-179.99700000000374
2022-01-24,24.9,24.799999,1.0,5.0,72326.61157542154,61999.9975,10326.614075421545,0.33972601369863015,-250.00249999999724
2022-01-25,24.360001,24.4,0.0,5.0,72426.2748288462,61000.0,11426.274828846203,0.33424657534246577,99.9974999999953
2022-01-26,24.5,24.4,0.0,5.0,72175.94058227086,61000.0,11175.940582270865,0.33424657534246577,-250.00000000000355
2022-01-27,24.26,23.92,0.0,5.0,71325.61291103798,59800.00000000001,11525.612911037977,0.3276712328767124,-849.9999999999997
2022-01-28,23.98,23.68,0.0,5.0,70575.28852747634,59200.0,11375.28852747634,0.32438356164383564,-750.0000000000018
2022-01-31,24.0,24.0,0.0,5.0,70574.95976035306,60000.0,10574.959760353056,0.3287671232876712,0.0
2022-02-04,24.379999,24.700001,0.0,5.0,71374.62640417497,61750.0025,9624.623904174965,0.33835617808219176,800.0049999999969
2022-02-07,24.68,24.68,0.0,5.0,71374.28832198319,61700.0,9674.288321983186,0.33808219178082194,0.0
2022-02-08,24.68,24.48,1.0,5.0,70873.95297951743,61200.0,9673.952979517431,0.3353424657534247,-499.99999999999824
2022-02-09,24.860001,24.959999,0.0,5.0,71123.60606172291,62399.9975,8723.608561722911,0.34191779452054794,249.9949999999984
2022-02-10,25.16,25.040001,0.0,5.0,70823.26554801058,62600.0025,8223.263048010573,0.34301371232876715,-299.99749999999995
2022-02-11,24.959999,25.02,1.0,5.0,70972.92530828455,62550.0,8422.925308284553,0.3427397260273973,150.00249999999937
2022-02-14,24.82,24.68,0.0,5.0,70622.58722609277,61700.0,8922.587226092772,0.33808219178082194,-350.0000000000014
2022-02-15,24.6,24.459999,1.0,5.0,70272.24965761331,61149.9975,9122.252157613315,0.33506847945205476,-350.002500000004
2022-02-16,24.719999,24.82,0.0,5.0,70521.91215761332,62050.0,8471.912157613318,0.34,250.00249999999724
2022-02-17,24.879999,24.92,0.0,5.0,70621.5732877503,62300.00000000001,8321.573287750296,0.3413698630136987,100.00250000000044
2022-02-18,24.84,24.48,1.0,5.0,69721.23794528455,61200.0,8521.237945284549,0.3353424657534247,-899.9999999999986
2022-02-21,24.24,24.34,0.0,5.0,69970.90452062701,60850.0,9120.90452062701,0.3334246575342466,250.00000000000355
2022-02-22,23.9,23.620001,-1.0,-5.0,70670.57845896947,59050.002499999995,11620.575958969472,0.32356165753424654,699.9975000000003
2022-02-23,23.700001,23.799999,0.0,-5.0,70420.25743158591,59499.9975,10920.259931585912,0.32602738356164385,-249.9949999999984
2022-02-24,23.34,23.059999,0.0,-5.0,71119.94404118865,57649.997500000005,13469.946541188641,0.315890397260274,700.0024999999965
2022-02-25,23.08,22.92,0.0,-5.0,71519.63006858589,57300.00000000001,14219.63006858588,0.3139726027397261,399.9999999999915
2022-02-28,22.9,22.879999,0.0,-5.0,71569.31914394203,57199.997500000005,14369.321643942028,0.31342464383561647,50.00249999999262
2022-03-01,22.879999,22.879999,0.0,-5.0,71569.00571929819,57199.997500000005,14369.008219298186,0.31342464383561647,-0.0
2022-03-02,22.68,22.5,0.0,-5.0,72018.6975001201,56250.0,15768.697500120106,0.3082191780821918,449.9999999999993
2022-03-03,22.58,22.639999,0.0,-5.0,71868.3898631475,56599.9975,15268.392363147505,0.3101369726027397,-149.99750000000313
2022-03-04,22.120001,22.059999,0.0,-5.0,72018.09267138036,55149.997500000005,16868.09517138036,0.3021917671232877,150.00499999999306
2022-03-07,21.5,21.219999,0.0,-5.0,72717.80448646256,53049.997500000005,19667.80698646255,0.2906849178082192,700.0024999999965
2022-03-08,21.280001,20.879999,0.0,-5.0,73717.52345907898,52199.997500000005,21517.525959078972,0.28602738356164387,1000.0049999999927
2022-03-09,21.0,20.780001,0.0,-5.0,74267.23630153103,51950.002499999995,22317.23380153103,0.2846575479452055,549.9975000000035
2022-03-10,21.18,21.1,0.0,-5.0,74466.94726043513,52750.0,21716.947260435132,0.28904109589041094,199.99999999999574
2022-03-11,20.6,20.799999,0.0,-5.0,73966.66482894198,51999.9975,21966.667328941985,0.28493149315068494,-499.9974999999956
2022-03-14,20.42,19.799999,0.0,-5.0,75516.39609607897,49499.9975,26016.398596078972,0.27123286301369864,1550.002500000005
2022-03-15,19.299999,18.65,0.0,-5.0,77141.13811662691,46625.0,30516.138116626913,0.2554794520547945,1624.9975000000027
2022-03-16,19.15,20.24,-1.0,-5.0,74415.86085635294,50599.99999999999,23815.86085635295,0.2772602739726027,-2724.9999999999995
2022-03-17,21.4,21.68,0.0,-5.0,73715.56387005157,54200.0,19515.56387005157,0.29698630136986304,-700.0000000000028
2022-03-18,21.4,21.66,1.0,6.0,74495.20781525705,64980.00000000001,9515.20781525704,0.35605479452054795,780.0000000000047
2022-03-21,22.0,21.4,0.0,6.0,72694.85603443513,64199.999999999985,8494.856034435143,0.3517808219178082,-1800.0000000000043
2022-03-22,21.540001,22.08,1.0,6.0,74314.49007553101,66240.0,8074.490075531008,0.36295890410958903,1619.9969999999944
2022-03-23,22.219999,22.32,0.0,6.0,74614.12617142142,66960.00000000001,7654.126171421405,0.36690410958904124,300.0029999999967
2022-03-24,22.139999,22.139999,1.0,6.0,74613.76222623239,66419.99699999999,8193.765226232397,0.36394518904109585,0.0
2022-03-25,21.959999,21.58,0.0,6.0,73473.41048650636,64739.99999999999,8733.410486506364,0.35473972602739723,-1139.9970000000046
2022-03-28,21.6,21.879999,0.0,6.0,74313.04781528992,65639.997,8673.050815289913,0.3596712164383562,839.9970000000003
2022-03-29,21.98,22.120001,0.0,6.0,74732.68719883512,66360.003,8372.684198835123,0.3636164547945205,420.00299999999413
2022-03-30,22.299999,22.4,1.0,6.0,75032.32197965703,67199.99999999999,7832.321979657048,0.36821917808219173,300.0029999999967
2022-03-31,22.4,22.280001,0.0,6.0,74671.95873306524,66840.003,7831.955733065246,0.3662465917808219,-359.9969999999999
2022-04-01,21.9,22.26,0.0,6.0,75751.59281525704,66780.0,8971.592815257041,0.3659178082191781,1080.0000000000089
2022-04-04,22.440001,22.700001,0.0,6.0,76531.21966455567,68100.003,8431.216664555672,0.373150701369863,780.0000000000047
2022-04-06,22.459999,22.26,1.0,6.0,75930.85674674746,66780.0,9150.856746747464,0.3659178082191781,-599.9969999999948
2022-04-07,22.139999,22.02,0.0,6.0,75570.49777414472,66060.0,9510.497774144722,0.36197260273972603,-359.9969999999999
2022-04-08,21.959999,22.1,0.0,6.0,75990.1374864735,66300.00000000001,9690.137486473483,0.36328767123287675,420.0030000000048
2022-04-11,21.879999,21.42,0.0,6.0,74609.78837688445,64260.00000000001,10349.78837688444,0.3521095890410959,-1379.9969999999994
2022-04-12,21.48,21.52,1.0,6.0,74729.43462345979,64560.0,10169.43462345979,0.35375342465753423,119.99999999999744
2022-04-13,21.42,21.58,-1.0,-6.0,74249.07988373378,64739.99999999999,9509.079883733786,0.35473972602739723,-479.99999999998977
2022-04-14,21.620001,21.719999,0.0,-6.0,73948.72884265432,65159.997,8788.73184265432,0.3570410794520548,-299.9940000000088
2022-04-19,21.360001,21.219999,0.0,-6.0,74368.38602075295,63659.997,10708.389020752948,0.348821901369863,420.00599999999724
2022-04-20,21.16,21.120001,0.0,-6.0,74488.03584265432,63360.00299999999,11128.032842654335,0.34717809863013693,119.99700000000502
2022-04-21,21.059999,20.879999,0.0,-6.0,75027.69260979404,62639.99700000001,12387.695609794035,0.34323286027397265,539.9999999999991
2022-04-22,20.620001,20.84,0.0,-6.0,74367.35303445157,62519.99999999999,11847.353034451582,0.3425753424657534,-659.9970000000042
2022-04-25,20.459999,20.16,0.0,-6.0,75267.0186371913,60480.00000000001,14787.018637191293,0.33139726027397265,899.996999999999
2022-04-26,20.219999,20.139999,1.0,7.0,74986.63239063513,70489.99650000001,4496.635890635123,0.3862465561643836,-280.0000000000065
2022-04-27,19.950001,20.139999,-1.0,-7.0,74321.25314407896,70489.99650000001,3831.2566440789524,0.3862465561643836,-664.9929999999973
2022-04-28,20.219999,20.379999,0.0,-7.0,73760.86229478307,71329.99650000001,2430.865794783065,0.390849295890411,-560.0000000000005
2022-04-29,20.299999,21.219999,0.0,-7.0,70540.45533589814,74269.99650000001,-3729.5411641018727,0.4069588849315069,-3220.000000000006
2022-05-03,21.040001,21.219999,1.0,6.0,71080.10051399677,63659.997,7420.103513996772,0.348821901369863,539.9940000000037
2022-05-04,21.219999,20.98,1.0,6.0,70359.75863728444,62940.0,7419.758637284438,0.34487671232876715,-719.9970000000029
2022-05-05,21.280001,20.879999,0.0,6.0,69159.40940442416,62639.99700000001,6519.412404424154,0.34323286027397265,-1200.0059999999912
2022-05-06,20.379999,20.139999,0.0,6.0,68439.07833594746,60419.996999999996,8019.081335947463,0.33106847671232875,-720.0000000000059
2022-05-10,19.459999,19.719999,0.0,6.0,69218.75417158034,59159.997,10058.757171580335,0.32416436712328767,780.0000000000047
2022-05-11,19.67,19.959999,0.0,6.0,70088.42306200773,59879.997,10208.426062007726,0.32810957260273976,869.9969999999944
2022-05-12,19.629999,19.469999,0.0,6.0,69608.10300722964,58409.997,11198.106007229639,0.3200547780821918,-480.00000000000045
2022-05-13,19.67,20.0,0.0,6.0,70597.77424010636,60000.0,10597.774240106359,0.3287671232876712,989.9999999999949
2022-05-16,20.200001,20.059999,0.0,6.0,70177.43848669814,60179.997,9997.441486698139,0.32975340821917815,-420.00599999999724
2022-05-17,20.120001,20.719999,1.0,6.0,71977.09188397486,62159.997,9817.09488397486,0.34060272328767127,1799.9940000000088
2022-05-18,20.700001,20.74,0.0,6.0,72096.747952468,62220.0,9876.747952467995,0.34093150684931506,119.99699999999436
2022-05-19,20.26,20.280001,1.0,6.0,72156.41758258855,60840.003,11316.41458258855,0.33336987945205476,60.00299999999115
2022-05-20,20.6,20.860001,0.0,6.0,72936.07767846252,62580.003000000004,10356.074678462515,0.3429041260273973,780.0029999999971
2022-05-23,20.799999,20.620001,0.0,6.0,72395.74471954197,61860.00299999999,10535.741719541977,0.3389589205479452,-539.9940000000037
2022-05-24,20.620001,20.32,1.0,6.0,71495.40769214471,60960.0,10535.407692144712,0.334027397260274,-900.0029999999946
2022-05-25,20.32,20.379999,0.0,6.0,71675.06967846252,61139.99700000001,10535.072678462508,0.33501368219178085,179.99700000000374
2022-05-26,20.48,20.299999,-1.0,-6.0,72214.73897984881,60899.996999999996,11314.741979848819,0.33369861369863013,540.0030000000022
2022-05-27,20.799999,20.92,1.0,6.0,72574.39808943786,62760.00000000001,9814.398089437855,0.34389041095890416,360.00300000000607
2022-05-30,21.139999,21.32,0.0,6.0,73114.05062368444,63960.0,9154.050623684438,0.3504657534246575,540.0030000000022
2022-05-31,21.299999,21.620001,1.0,6.0,74073.70122640772,64860.00299999999,9213.69822640773,0.35539727671232874,960.0059999999963
2022-06-01,21.68,21.52,1.0,6.0,73593.34747298306,64560.0,9033.347472983063,0.35375342465753423,-480.00000000000045
2022-06-02,21.280001,21.34,1.0,6.0,73772.99367846252,64019.99999999999,9752.993678462524,0.3507945205479452,179.99700000000374
2022-06-06,21.5,21.9,0.0,6.0,74972.63367846252,65699.99999999999,9272.633678462531,0.35999999999999993,1199.9999999999957
2022-06-07,21.76,21.799999,0.0,6.0,75092.27232231456,65399.996999999996,9692.275322314563,0.3583561479452055,119.99699999999436
2022-06-08,22.040001,22.26,1.0,6.0,75751.90340450635,66780.0,8971.903404506345,0.3659178082191781,659.9970000000042
2022-06-09,22.299999,22.16,0.0,6.0,75331.54213053374,66480.0,8851.542130533737,0.36427397260273975,-419.9969999999986
2022-06-10,21.84,22.120001,1.0,6.0,76171.18151407894,66360.003,9811.178514078943,0.3636164547945205,840.0029999999958
2022-06-13,21.459999,21.34,0.0,6.0,75810.83371955839,64019.99999999999,11790.833719558395,0.3507945205479452,-359.9969999999999
2022-06-14,21.139999,21.360001,1.0,6.0,76470.48859625429,64080.003000000004,12390.485596254286,0.3511233041095891,660.0060000000028
2022-06-15,21.379999,21.639999,-1.0,-7.0,75560.07358257484,75739.99650000001,-179.92291742516682,0.4150136794520548,-909.9999999999931
2022-06-16,21.82,21.16,0.0,-7.0,77869.66777435566,74060.0,3809.6677743556647,0.4058082191780822,2310.0000000000005
2022-06-17,21.08,21.459999,0.0,-7.0,76539.259712731,75109.9965,1429.2632127310062,0.4115616246575342,-1329.9965000000054
2022-06-20,21.4,21.52,-1.0,-7.0,76118.84700040224,75320.0,798.8470004022383,0.4127123287671233,-420.00000000000347
2022-06-21,21.620001,21.879999,1.0,7.0,77028.42038398307,76579.99650000001,448.423883983065,0.41961641917808223,909.9930000000107
2022-06-22,21.799999,21.34,0.0,7.0,75418.01462370911,74690.0,728.0146237091103,0.40926027397260273,-1609.9964999999993
2022-06-23,21.48,21.620001,1.0,7.0,75907.60349355293,75670.00349999999,237.59999355293985,0.41463015616438353,490.00349999999315
2022-06-24,21.780001,22.040001,1.0,7.0,76817.18080860225,77140.0035,-322.822691397756,0.42268495068493156,910.0000000000055
2022-06-27,22.299999,22.58,1.0,7.0,77796.75126750635,79030.0,-1233.248732493652,0.43304109589041095,980.0034999999951
2022-06-28,22.5,22.719999,1.0,7.0,78566.31204149814,79519.99650000001,-953.6844585018698,0.4357260082191781,769.9965000000049
2022-06-29,22.5,22.379999,1.0,7.0,78145.87933603788,78329.99650000001,-184.1171639621316,0.42920546027397266,-420.00349999999463
2022-06-30,22.379999,22.280001,1.0,7.0,77795.45904834745,77980.00349999999,-184.54445165254583,0.4272876904109589,-349.9930000000102
2022-07-04,22.200001,22.280001,1.0,7.0,78075.03176065703,77980.00349999999,95.02826065703994,0.4272876904109589,279.99999999999403
2022-07-05,22.540001,22.32,1.0,7.0,77304.6002058625,78120.0,-815.3997941374982,0.42805479452054795,-770.0034999999996
2022-07-06,22.24,22.02,1.0,7.0,76534.17790449264,77070.0,-535.822095507363,0.42230136986301375,-769.999999999996
2022-07-07,21.959999,22.18,1.0,7.0,77303.75603462962,77630.0,-326.2439653703768,0.4253698630136986,770.0034999999996
2022-07-08,22.48,22.219999,1.0,7.0,76393.3263976625,77769.99650000001,-1376.6701023375063,0.4261369671232877,-910.0034999999966
2022-07-11,22.0,21.639999,1.0,7.0,75132.90788398305,75739.99650000001,-607.0886160169612,0.4150136794520548,-1260.0035000000016
2022-07-12,21.5,21.360001,0.0,7.0,74642.50174012825,74760.00349999999,-117.50175987173861,0.40964385479452053,-489.9964999999984
2022-07-13,21.379999,21.34,0.0,7.0,74502.09597985428,74690.0,-187.90402014572464,0.40926027397260273,-139.99650000000585
2022-07-14,21.299999,21.24,0.0,7.0,74291.69213738851,74339.99999999999,-48.307862611472956,0.4073424657534246,-209.99650000000435
2022-07-15,21.040001,20.84,0.0,7.0,73591.28896615563,72940.0,651.2889661556255,0.3996712328767123,-700.0035000000012
2022-07-18,20.940001,21.360001,0.0,7.0,75060.87932230083,74760.00349999999,300.87582230083353,0.40964385479452053,1470.000000000006
2022-07-19,21.24,21.219999,0.0,7.0,74990.4688634159,74269.99650000001,720.4723634158872,0.4069588849315069,-70.00349999998967
2022-07-20,21.440001,21.440001,1.0,7.0,74990.05768531453,75040.00349999999,-49.94581468545948,0.411178101369863,0.0
2022-07-21,21.32,21.08,0.0,7.0,74149.65341134193,73780.0,369.65341134193295,0.40427397260273973,-840.0000000000069
2022-07-22,21.18,21.1,1.0,7.0,73869.24875380768,73850.00000000001,19.248753807667526,0.40465753424657547,-279.99999999999403
2022-07-25,20.959999,21.120001,0.0,7.0,74428.85071269261,73920.00349999999,508.8472126926208,0.4050411150684931,560.0069999999953
2022-07-26,21.120001,21.459999,0.0,7.0,75618.43215106796,75109.9965,508.4356510679645,0.4115616246575342,1189.9930000000047
2022-07-27,21.26,21.200001,0.0,7.0,75408.0290757063,74200.0035,1208.0255757062987,0.4065753616438357,-209.99650000000435
2022-07-28,21.280001,21.120001,1.0,7.0,74847.62403459124,73920.00349999999,927.6205345912458,0.4050411150684931,-560.0000000000005
2022-07-29,21.120001,20.68,0.0,7.0,73307.22393185152,72380.0,927.2239318515203,0.3966027397260274,-1540.0034999999957
2022-08-01,20.540001,20.68,0.0,7.0,73796.82382911179,72380.0,1416.8238291117887,0.3966027397260274,489.9964999999984
2022-08-02,20.42,20.200001,-1.0,-7.0,74566.43293183234,70700.0035,3866.4294318323373,0.3873972794520548,769.9965000000049
2022-08-03,20.4,20.280001,1.0,7.0,74146.04750030632,70980.00349999999,3166.044000306327,0.3889315260273972,-419.99649999999986
2022-08-04,20.48,20.68,0.0,7.0,74845.6508975666,72380.0,2465.650897566593,0.3966027397260274,699.9999999999975
2022-08-05,20.74,20.700001,0.0,7.0,74705.25741124606,72450.0035,2255.253911246051,0.39698632054794525,-139.99649999999343
2022-08-08,20.620001,20.559999,1.0,7.0,74494.8561098954,71959.99650000001,2534.859609895386,0.3943013506849316,-210.00699999999028
2022-08-09,20.559999,20.5,0.0,7.0,74284.46645921045,71750.0,2534.4664592104527,0.39315068493150684,-209.99650000000435
2022-08-10,20.48,20.139999,0.0,7.0,73094.07671265428,70489.99650000001,2604.0802126542694,0.3862465561643836,-1190.003500000003
2022-08-11,20.360001,20.58,0.0,7.0,73863.67852772276,72030.0,1833.678527722761,0.3946849315068493,769.9964999999925
2022-08-12,20.58,20.719999,-1.0,-7.0,73373.28465787892,72519.99650000001,853.2881578789093,0.39736984383561647,-489.9965000000108
2022-08-15,20.58,20.58,1.0,7.0,73372.8899729474,72030.0,1342.889972947407,0.3946849315068493,0.0
2022-08-16,20.6,20.34,0.0,7.0,72462.49989075563,71190.0,1272.4998907556292,0.39008219178082193,-910.0000000000055
2022-08-17,20.5,20.42,0.0,7.0,72182.10827431727,71470.0,712.1082743172738,0.3916164383561644,-279.99999999999403
2022-08-18,20.52,20.280001,-1.0,-7.0,73021.71584279125,70980.00349999999,2041.7123427912593,0.3889315260273972,839.9965000000034
2022-08-19,20.200001,20.32,1.0,7.0,73441.3226441611,71120.0,2321.322644161104,0.3896986301369863,419.99649999999986
2022-08-22,20.16,20.280001,0.0,7.0,73860.93721263506,70980.00349999999,2880.933712635073,0.3889315260273972,420.00349999999463
2022-08-23,20.18,20.040001,1.0,7.0,73370.55638384877,70140.0035,3230.552883848766,0.3843287863013699,-489.9964999999984
2022-08-24,20.08,19.799999,0.0,7.0,72390.17315784056,69299.9965,3090.176657840566,0.379726008219178,-980.0034999999951
2022-08-25,19.959999,20.5,0.0,7.0,74279.78350715563,71750.0,2529.783507155633,0.39315068493150684,1890.0035000000007
2022-08-26,20.700001,20.700001,0.0,7.0,74279.38652083509,72450.0035,1829.3830208350846,0.39698632054794525,0.0
2022-08-29,20.48,20.52,1.0,7.0,74418.99298658852,71820.0,2598.9929865885206,0.39353424657534253,139.99999999999702
2022-08-30,20.52,20.5,0.0,7.0,74348.59983590359,71750.0,2598.5998359035875,0.39315068493150684,-69.99999999999851
2022-08-31,20.16,20.5,0.0,7.0,75538.20668521865,71750.0,3788.2066852186545,0.39315068493150684,1189.9999999999995
2022-09-01,20.32,20.200001,0.0,7.0,75117.8227879392,70700.0035,4417.819287939201,0.3873972794520548,-419.99649999999986
2022-09-02,20.200001,20.040001,1.0,7.0,74557.43845915291,70140.0035,4417.434959152903,0.3843287863013699,-560.0000000000005
2022-09-05,19.84,19.799999,-1.0,-7.0,74697.0622331447,69299.9965,5397.0657331447,0.379726008219178,140.0035000000006
2022-09-06,19.879999,19.809999,0.0,-7.0,74941.68231535565,69334.99650000001,5606.685815355639,0.37991778904109597,245.000000000001
2022-09-07,19.49,19.67,0.0,-7.0,74311.30508247892,68845.0,5466.305082478924,0.37723287671232875,-630.0000000000115
2022-09-08,19.690001,19.48,0.0,-7.0,75045.93499343783,68180.0,6865.934993437826,0.3735890410958905,735.0034999999941
2022-09-09,19.540001,20.0,0.0,-7.0,73435.554931794,70000.0,3435.554931794002,0.3835616438356164,-1609.9964999999993
2022-09-13,20.059999,19.969999,0.0,-7.0,73750.17194551181,69894.99650000001,3855.175445511806,0.3829862821917808,314.9999999999995
2022-09-14,19.549999,19.5,1.0,7.0,73574.80147290908,68250.0,5324.801472909079,0.37397260273972605,-174.9964999999989
2022-09-15,19.5,19.559999,0.0,7.0,73784.4228496406,68459.99650000001,5324.426349640591,0.37512326849315075,209.99650000000435
2022-09-16,19.389999,19.4,0.0,7.0,73819.05429484606,67899.99999999999,5919.054294846079,0.3720547945205479,35.003499999996635
2022-09-19,19.360001,19.190001,0.0,7.0,73223.68626742963,67165.00349999999,6058.682767429636,0.3680274164383561,-595.0000000000059
2022-09-20,19.360001,19.440001,0.0,7.0,73503.31344549265,68040.00349999999,5463.309945492656,0.37282193698630134,279.99999999999403
2022-09-21,19.299999,19.110001,0.0,7.0,72837.95395232279,66885.00349999999,5952.950452322795,0.36649316986301367,-664.9929999999973
2022-09-22,18.75,18.809999,1.0,7.0,73047.58971261594,65834.99650000001,7212.593212615931,0.36073970684931517,209.99650000000435
2022-09-23,18.719999,18.58,-1.0,-7.0,73537.22988384882,65030.0,8507.22988384882,0.3563287671232877,489.9965000000108
2022-09-26,18.440001,18.5,0.0,-7.0,73326.87858932826,64750.0,8576.878589328262,0.3547945205479452,-209.99650000000435
2022-09-27,18.52,18.52,0.0,-7.0,73326.52341124607,64819.99999999999,8506.523411246082,0.35517808219178076,-0.0
2022-09-28,18.33,17.9,0.0,-7.0,74831.18012357484,62649.99999999999,12181.18012357485,0.3432876712328767,1504.999999999999
2022-09-29,18.200001,17.799999,0.0,-7.0,76230.845753731,62299.9965,13930.849253731001,0.3413698438356164,1400.0070000000023
2022-09-30,17.799999,17.889999,-1.0,-7.0,75915.50265785978,62614.996499999994,13300.506157859782,0.3430958712328767,-314.9999999999995
2022-10-03,17.700001,17.709999,0.0,-7.0,75880.17001404334,61984.9965,13895.173514043337,0.33964381643835617,-34.992999999998275
2022-10-05,18.43,18.73,0.0,-7.0,74829.81080856388,65555.0,9274.810808563881,0.35920547945205483,-1050.0000000000025
2022-10-06,18.73,18.66,0.0,-7.0,75074.45294555018,65310.0,9764.452945550176,0.35786301369863016,245.000000000001
2022-10-07,18.49,18.379999,1.0,8.0,74634.04609625704,73519.996,1114.0500962570368,0.40284929315068496,-440.0039999999876
2022-10-10,18.18,17.85,0.0,8.0,73313.65486338032,71400.0,1913.6548633803177,0.3912328767123288,-1319.9999999999932
2022-10-11,17.85,17.49,0.0,8.0,71873.27152091455,69960.0,1913.2715209145535,0.3833424657534247,-1440.0000000000118
2022-10-12,17.4,17.35,-1.0,-8.0,72072.89124694193,69400.0,2672.89124694193,0.38027397260273976,199.99999999998863
2022-10-13,17.35,17.059999,0.0,-8.0,73232.52132915563,68239.996,4992.525329155629,0.3739177863013699,1160.0040000000008
2022-10-14,17.32,17.23,0.0,-8.0,73592.14368532001,68920.0,4672.143685320014,0.3776438356164384,359.99999999999943
2022-10-17,17.139999,17.24,0.0,-8.0,73191.76182230632,68960.0,4231.761822306318,0.3778630136986302,-400.0039999999956
2022-10-18,17.549999,17.559999,0.0,-8.0,73151.3769456159,70239.996,2911.380945615907,0.38487669041095895,-40.00000000000625
2022-10-19,17.459999,17.17,1.0,8.0,71991.00461684879,68680.0,3311.0046168487897,0.3763287671232877,-1159.9959999999924
2022-10-20,16.9,16.92,0.0,8.0,72070.63376753374,67680.0,4390.633767533742,0.37084931506849317,80.0000000000125
2022-10-21,16.98,16.870001,-1.0,-8.0,72510.26001408718,67480.004,5030.256014087179,0.36975344657534254,439.9960000000078
2022-10-24,16.6,15.82,0.0,-8.0,75629.91327436116,63280.0,12349.913274361155,0.3467397260273973,3120.0000000000045
2022-10-25,15.9,15.82,0.0,-8.0,75949.56653463513,63280.0,12669.56653463513,0.3467397260273973,320.0000000000003
2022-10-26,15.75,15.97,-1.0,-8.0,75069.21650723787,63880.0,11189.21650723787,0.350027397260274,-880.0000000000025
2022-10-27,16.34,16.07,0.0,-8.0,76148.86428805979,64280.0,11868.86428805979,0.3522191780821918,1079.9999999999982
2022-10-28,15.5,14.94,0.0,-8.0,78388.53683600499,59760.0,18628.53683600499,0.32745205479452055,2240.000000000002
2022-10-31,14.89,14.82,0.0,-8.0,78668.21201408718,59280.0,19388.212014087185,0.3248219178082192,280.00000000000114
2022-11-01,14.92,15.55,0.0,-8.0,76147.87119216938,62200.0,13947.871192169376,0.3408219178082192,-2520.000000000003
2022-11-02,15.48,15.91,0.0,-8.0,74427.52247984061,63640.0,10787.522479840613,0.34871232876712327,-1719.9999999999989
2022-11-03,15.51,15.42,1.0,9.0,74022.14226066253,69390.0,4632.142260662527,0.3802191780821918,-404.9999999999994
2022-11-04,15.54,16.23,1.0,9.0,77126.74206888171,73035.0,4091.7420688817074,0.4001917808219178,3105.000000000006
2022-11-07,16.1,16.68,0.0,9.0,79736.33078121046,75060.0,4676.330781210461,0.41128767123287674,2609.9999999999923
2022-11-08,16.73,16.67,1.0,9.0,79465.91974011456,75015.00000000001,4450.91974011455,0.41104109589041105,-269.99999999999426
2022-11-09,16.65,16.459999,1.0,9.0,78610.50937712553,74069.9955,4540.51387712553,0.4058629890410959,-855.0044999999944
2022-11-10,16.25,16.200001,0.0,9.0,78385.11442504608,72900.0045,5485.109925046083,0.39945207945205474,-224.99549999999857
2022-11-11,17.02,17.42,0.0,9.0,80184.68489079952,78390.00000000001,1794.6848907995009,0.42953424657534256,1800.0000000000095
2022-11-14,17.92,17.700001,0.0,9.0,79194.25295241868,79650.0045,-455.7515475813125,0.43643838082191777,-989.9955000000062
2022-11-15,17.780001,18.450001,0.0,9.0,82208.79802088719,83025.0045,-816.2064791128068,0.4549315315068493,3015.0000000000077
2022-11-16,18.26,18.360001,0.0,9.0,82658.34980853376,82620.00450000001,38.34530853375327,0.4527123534246576,450.004499999995
2022-11-17,18.139999,18.15,1.0,9.0,82702.90677428718,81675.0,1027.9067742871848,0.44753424657534246,45.00449999999567
2022-11-18,18.42,18.08,0.0,9.0,81172.46096606799,81359.99999999999,-187.53903393200017,0.4458082191780821,-1530.0000000000155
2022-11-21,17.73,17.77,0.0,9.0,81352.02280168442,79965.0,1387.0228016844194,0.43816438356164383,179.99999999999616
2022-11-22,17.709999,17.52,0.0,9.0,80496.59530168441,78840.0,1656.5953016844142,0.432,-854.9955000000011
2022-11-23,17.620001,17.620001,1.0,9.0,80496.16083590632,79290.0045,1206.1563359063293,0.4344657780821918,0.0
2022-11-24,17.799999,17.780001,0.0,9.0,80405.73142492275,80010.0045,395.7269249227538,0.4384109835616438,-89.99100000000482
2022-11-25,17.780001,17.68,0.0,9.0,79955.29097971728,79560.0,395.29097971727606,0.4359452054794521,-450.004499999995
2022-11-28,17.200001,17.42,1.0,9.0,80944.8569454707,78390.00000000001,2554.8569454706885,0.42953424657534256,989.9955000000062
2022-11-29,17.65,18.32,0.0,9.0,83959.40521944332,82440.0,1519.405219443317,0.45172602739726025,3015.0000000000077
